date,overall,"food, drinks and tobacco","clothes, shoes and accesories",housing,forniture and domestic appliances,health and personal care,transportation,education and recreation,others
Ene 1990,7.776037301728,6.837944967264,12.667199325795,9.080093840235,12.502351211416,6.802179638942,5.761363145256,6.227297861906,6.851135666702
Feb 1990,7.952119853776,7.034684485752,12.886569819053,9.287186416657,12.651315910715,6.969105507676,5.838185125960,6.334418829686,7.023921179197
Mar 1990,8.092309919660,7.194864554222,13.059996357233,9.502749257904,12.751535817124,7.057352847979,5.888521099766,6.397365053283,7.151782281609
Abr 1990,8.215471549391,7.277527609376,13.244618045613,9.717777477856,12.851035683308,7.161201713406,5.969397040114,6.572473202726,7.272521371270
May 1990,8.358837675672,7.369249787330,13.398157114569,9.924137150123,12.999562523611,7.337010916594,6.090147161517,6.713127215050,7.473047697959
Jun 1990,8.542938589472,7.470656631896,13.572976389872,10.226286323548,13.217553814603,7.589995109367,6.339141015896,6.850942305261,7.597574744008
Jul 1990,8.698734833726,7.607286837400,13.744231898924,10.489873193060,13.454075441998,7.749204402436,6.419782380969,6.954171884170,7.737428078302
Ago 1990,8.846950441605,7.752202164305,14.008339982381,10.734659090869,13.676435622393,7.887039326769,6.445684283426,7.063140724837,7.857804306345
Sep 1990,8.973061368705,7.811935242995,14.203390818698,10.977932509234,13.809958381292,7.999184169411,6.493926503851,7.403532153185,7.977960543296
Oct 1990,9.102059887647,7.907529700044,14.297464094847,11.238436098707,13.992294041694,8.112225304435,6.608531236946,7.464769024079,8.082666583213
Nov 1990,9.343723102676,8.092883559847,14.545916173667,11.603609653564,14.207471332369,8.253195912630,6.926318125425,7.569156741373,8.289987451064
Dic 1990,9.638213953861,8.362250163118,14.844705471918,11.981872532758,14.413591683350,8.432787824594,7.203435368709,7.809336022656,8.583678952369
Ene 1991,9.883879894801,8.570641659275,15.095609175816,12.451568292306,14.630415334945,8.634747186495,7.322872106007,8.083669544510,8.784386073058
Feb 1991,10.056424721909,8.661490109519,15.303716921779,12.809544942489,14.866483532265,8.869157251106,7.425468251588,8.238085503549,9.000155240715
Mar 1991,10.199839643789,8.731497140968,15.522671638919,13.152772034658,15.064963667382,9.005690169919,7.534251589763,8.357476121390,9.120532733180
Abr 1991,10.306687551198,8.845225702436,15.730732287052,13.296511696657,15.270000065260,9.093458869924,7.581334873089,8.434188576296,9.149798334939
May 1991,10.407441671111,8.964575136552,15.881797191555,13.408376608892,15.425988087041,9.167667880802,7.655047000273,8.498822734635,9.154993492216
Jun 1991,10.516647583476,9.107010929959,16.031024916097,13.533595241993,15.548762773525,9.255135612178,7.683086780602,8.591490587988,9.195266409838
Jul 1991,10.609584269262,9.184380623822,16.150646732411,13.663265763684,15.707448025739,9.344146650027,7.714270093513,8.759591381068,9.273817115401
Ago 1991,10.683422977312,9.210922234389,16.364776025091,13.783931418636,15.851561211439,9.424169608915,7.750899713827,8.858331231262,9.382590530647
Sep 1991,10.789850374312,9.238725146600,16.604171214865,13.922021650680,16.031390350802,9.503255181845,7.807422875713,9.261660314018,9.501828856766
Oct 1991,10.915342738584,9.327621018984,16.836412238516,14.107799598394,16.240780073607,9.573445475962,7.924246775053,9.422179685246,9.570343258438
Nov 1991,11.186374096785,9.454894065064,16.610524549606,14.399715258242,16.034416469095,9.667966841296,8.883440445455,9.532635104764,9.664378295840
Dic 1991,11.449679866826,9.659261426817,16.584844930528,14.843572558584,16.130382301344,9.844659071971,9.352137693955,9.688790408668,9.755147555684
Ene 1992,11.657778465389,9.812389343105,16.791820057085,15.215628067113,16.311838341079,10.133143470085,9.430545962536,9.988428659644,9.969109983391
Feb 1992,11.795900435066,9.900047718753,17.005642127208,15.430607690415,16.507539514107,10.264233684779,9.543685184726,10.118645189626,10.128413875665
Mar 1992,11.915947720290,9.993526415500,17.214950089673,15.600489080298,16.674427383399,10.348366845452,9.666768279705,10.191844688074,10.214374859278
Abr 1992,12.022171319641,10.066554665112,17.471056077795,15.697297269578,16.863961504598,10.467244464197,9.743074665164,10.278507664887,10.361756058299
May 1992,12.101437891772,10.053959837949,17.693980101694,15.814088419189,17.105274322520,10.733537752681,9.798625851403,10.334425119170,10.523436899011
Jun 1992,12.183345192186,10.070749919707,17.868035421856,15.974113444521,17.269067964907,10.882564352261,9.879862944505,10.377960100752,10.627842029406
Jul 1992,12.260272414520,10.096105032742,17.963519859228,16.121189107227,17.314856702755,10.987107976745,9.956292422625,10.496606717574,10.727576696405
Ago 1992,12.335592231401,10.105312604788,18.148760093978,16.264891835512,17.495092572163,11.086943434617,10.020553061203,10.646758573135,10.794451257274
Sep 1992,12.442896524527,10.139687172720,18.287589391438,16.387639573557,17.520323180693,11.191170173679,10.051129031526,11.309286898003,10.857520164442
Oct 1992,12.532493537792,10.199790820053,18.420642930042,16.541229765407,17.551794787168,11.286671355317,10.114541947217,11.466179066946,10.919716675382
Nov 1992,12.636620340688,10.267532507989,18.610487387888,16.698115140914,17.696007223636,11.355840728731,10.191327933170,11.633600112888,11.010857647802
Dic 1992,12.816553481441,10.487795824943,18.767756124119,16.854506725097,17.894646939197,11.500470743328,10.295623004829,11.796100164395,11.137952560865
Ene 1993,12.977319763867,10.597171610856,18.762842624332,17.182859843818,18.046415905238,11.661932698183,10.431989747444,12.003997352352,11.291645328505
Feb 1993,13.083345310799,10.619566698102,18.975437858354,17.376345972243,18.064327400223,11.786255667530,10.541527905575,12.195413625088,11.448495142580
Mar 1993,13.159593689429,10.587727190388,19.140686157556,17.523225284067,18.285229987660,11.908620324803,10.645478079445,12.413279906538,11.547770856462
Abr 1993,13.235480403514,10.630948963232,19.190789892890,17.596885592415,18.387205239331,12.013650539862,10.749612899077,12.532804759968,11.619784944624
May 1993,13.311137489730,10.719580792901,19.291982513054,17.673032348558,18.389336165878,12.094518084559,10.812110742786,12.563404631345,11.663070773730
Jun 1993,13.385797123244,10.777407761248,19.445818554937,17.782284446203,18.411036629941,12.200050806986,10.864219952375,12.619697651622,11.725545439190
Jul 1993,13.450123440421,10.824558473875,19.293334286702,17.899472180916,18.568657389597,12.290511025212,10.913842910513,12.734936983613,11.809321652763
Ago 1993,13.522112194855,10.847683371270,19.650884817204,18.005751812583,18.584147991268,12.355217516224,10.950803489339,12.836378663934,11.904967453853
Sep 1993,13.622260672231,10.879868517091,19.733078853821,18.099832489876,18.669385218252,12.435061488320,11.007135044854,13.387364835795,12.007574699850
Oct 1993,13.677973025024,10.848754279502,19.775428314783,18.264256917348,18.764889828283,12.548910071774,11.088331493771,13.477823527238,12.121143737909
Nov 1993,13.738302356338,10.854019312534,19.944236293002,18.435882126370,18.861250708968,12.546575212014,11.149218669412,13.526125282915,12.202874254105
Dic 1993,13.843054897126,10.984845068270,20.015868055646,18.577786604168,18.957426711158,12.568147141643,11.173740994257,13.660128953327,12.292793877326
Ene 1994,13.950374980567,11.104312355446,19.894351711908,18.752275410010,19.002372808000,12.643732405737,11.246050323739,13.844943432865,12.369319116268
Feb 1994,14.022124062044,11.073073465181,20.153491002248,18.943661957707,19.053151231309,12.793781257383,11.334525548740,13.974722984335,12.439326704145
Mar 1994,14.094224762979,11.096472602632,20.222576923121,19.122097197876,19.127344594814,12.951439282876,11.436736156860,14.044596590211,12.418161709044
Abr 1994,14.163251304932,11.144992272625,20.312379818331,19.199562021020,19.112023300558,13.087587698313,11.509602890389,14.051615367148,12.528078079305
May 1994,14.231682244253,11.202887232961,20.427280662489,19.287971887384,19.204782032091,13.159351806540,11.573104064091,14.081862513679,12.577012965714
Jun 1994,14.302894568965,11.252233037521,20.510058423369,19.400000100127,19.477367961555,13.246612700796,11.634591612683,14.105706366506,12.615547417593
Jul 1994,14.366326769868,11.328668936927,20.420382512828,19.495299699762,19.525727432982,13.341899089624,11.664879588883,14.154050963116,12.682727945674
Ago 1994,14.433286645444,11.384345017098,20.614759509443,19.599909392636,19.676429965033,13.406817721551,11.688763221309,14.184994990150,12.719563128902
Sep 1994,14.535936644548,11.481943042871,20.641891267239,19.662395262971,19.694158529560,13.487246398988,11.728449276296,14.647404615198,12.769962119802
Oct 1994,14.612245304055,11.548225114677,20.763174126880,19.831592345349,19.738012887759,13.553859500913,11.756411253072,14.688549073753,12.825370407093
Nov 1994,14.690360856448,11.624863864426,20.847780879233,19.920418239350,19.879343215299,13.634685935799,11.829149084404,14.744367992389,12.853518337685
Dic 1994,14.819204368159,11.746781218707,20.969082169984,20.071625024327,20.035938403492,13.797540049838,11.948924909954,14.841034339449,12.921815272511
Ene 1995,15.376990944300,12.257859974792,21.295160931555,20.685987756011,20.806737866601,14.250013508843,12.559710432447,15.382261337884,13.329420976181
Feb 1995,16.028707348709,12.885674911275,22.106389548780,21.315745474603,22.285175617786,15.172819906732,12.928363984841,15.841187993622,13.869216870022
Mar 1995,16.973617202950,13.521955148556,22.968063938997,22.208689587804,23.716830195211,15.899529939995,14.731057324750,16.252275579763,14.380375538615
Abr 1995,18.326133255311,14.440774771111,24.422614391682,24.098176585636,25.941171526338,17.092509123963,16.484153260356,16.918666729539,15.361690441678
May 1995,19.092090190992,15.262022436562,25.204656971041,24.752507182881,27.541549108539,18.085812099216,17.046946237079,17.467687926290,15.809392053040
Jun 1995,19.698024268685,15.948539203067,26.211729060464,25.366829091052,28.625501968372,18.832410205109,17.269443621073,17.957217309801,16.171245205180
Jul 1995,20.099588355294,16.406368145345,26.759812218371,25.875394319456,29.150742318336,19.325634311059,17.334822552564,18.382913663918,16.447376331133
Ago 1995,20.432981265710,16.714269439101,27.499396783208,26.224546894584,29.686296764583,19.787302686146,17.441890709695,18.794329695537,16.711243392798
Sep 1995,20.855642530130,17.068520249789,28.118345708508,26.551148414567,30.204336712317,20.325739006319,17.592389987449,20.073560799499,16.942617003218
Oct 1995,21.284762116615,17.563746112127,28.899507583667,27.068461899239,30.790488599450,20.761420298104,17.755663122615,20.319896326278,17.217357356577
Nov 1995,21.809608384348,18.254795837754,29.594647436987,27.636709660743,31.461877720171,21.239794648353,17.991050496073,20.562661773686,17.496649326830
Dic 1995,22.520167271192,18.998427897545,30.372737100586,28.455740738465,32.566458765969,21.801433717221,18.621150087075,20.853837504795,18.035636045560
Ene 1996,23.329753761294,19.715088845342,30.991071580769,29.498727145652,33.622777636470,22.569378352346,19.479088865526,21.332656650190,18.667930809435
Feb 1996,23.874262028762,20.226746686064,31.935675296022,30.180507819745,34.443818413123,23.109273129121,19.848137249736,21.665530915580,19.095276600806
Mar 1996,24.399825880353,20.713586570897,33.090418525975,30.769556989020,35.349317994897,23.653410691693,20.258410353956,21.876165643628,19.444992121693
Abr 1996,25.093449617204,21.558303633718,33.901278478934,31.405457928891,35.897521796414,24.099698958795,20.935192595959,22.121358742203,20.015207956707
May 1996,25.550842302962,22.121750538150,34.576551341263,31.786104227881,36.603939914163,24.569189974592,21.207391901747,22.350272281447,20.358348927523
Jun 1996,25.966901728547,22.500819304727,35.360990245358,32.298946374965,37.351225186307,25.080180754861,21.451024221915,22.585754765332,20.674053791534
Jul 1996,26.336030688063,22.786509096696,35.799907368508,32.831812312353,38.107073105545,25.416289121137,21.757480694869,22.845799400508,20.966494861928
Ago 1996,26.686071714930,23.054180377716,36.411482973442,33.298385913252,38.917605180448,25.807553729832,21.981952224403,23.189812318349,21.157915430584
Sep 1996,27.112751490397,23.329897655446,37.024287468610,33.670089549990,39.515822613058,26.170577278316,22.233248853602,24.642263704309,21.410909195955
Oct 1996,27.451167539621,23.583743408015,37.580358391997,34.359257638477,40.026467553095,26.460014973767,22.441346621766,24.761932790716,21.603467671133
Nov 1996,27.867083448434,23.978790854978,38.372375426822,35.025485859854,40.629160911415,26.663403626819,22.728758436135,24.898309850790,21.875426488499
Dic 1996,28.759336453704,24.530565391232,39.073250082533,35.853265193845,41.283424737949,27.182747400082,24.855954227024,25.063675960174,22.446780225438
Ene 1997,29.498886028860,25.421178672988,39.772281409905,36.519687821203,42.080139818186,28.012875398028,25.387462862678,25.422826019162,23.135337970918
Feb 1997,29.994598091509,25.764437056240,40.545660343970,37.156560784523,42.857588950717,28.543621661502,25.928377702345,25.714430164606,23.577729367170
Mar 1997,30.367889073663,25.941789106413,41.314942986608,37.678734405822,43.457557832517,28.944299956934,26.432596728189,25.899788722483,23.873710580970
Abr 1997,30.695971811729,26.154611571625,42.044491654272,37.967232417940,43.941736416016,29.308251615150,26.896752291327,26.036165782555,24.198771535643
May 1997,30.976119445603,26.314398404677,42.671223520665,38.269922040900,44.683961946053,29.734121468163,27.114024008431,26.202531515367,24.558475316971
Jun 1997,31.250956912308,26.436788321838,43.182440097783,38.765462087890,45.231192726845,30.129894036090,27.306793144989,26.400171148889,24.827779026782
Jul 1997,31.523211040861,26.615726908746,43.524684856804,39.226397921770,45.443896586674,30.422116060735,27.593740453730,26.633654385920,24.975327115756
Ago 1997,31.803502196688,26.855067187953,44.074611350060,39.594019039347,45.841475704929,30.700151265975,27.808225150600,26.876134228782,25.104289456443
Sep 1997,32.199612588994,27.150956141076,44.514552539056,39.989828979090,46.162574842157,31.029099927837,27.950827859736,28.393561077353,25.292422747764
Oct 1997,32.456940823078,27.210564562921,45.032527998432,40.651002651395,46.658624365665,31.290959499372,28.101675511068,28.551644223215,25.566151636834
Nov 1997,32.820042010844,27.442765428903,45.543744575550,41.544879909433,47.204492908197,31.573104900985,28.291889877950,28.689592115806,25.775652221632
Dic 1997,33.279874507621,27.793503197835,46.254859952821,42.194000436698,47.728176414435,31.957209805265,28.799824935289,28.868667333587,26.202492280858
Ene 1998,34.003924110860,28.519456714961,46.627212410371,42.899109789867,48.169736387744,32.640696444017,29.628964468534,29.395182748814,27.010909142435
Feb 1998,34.599237843853,29.096842469217,47.618513800232,43.520235894487,48.901647828100,33.227394475630,30.060024126321,29.882855690250,27.593136171069
Mar 1998,35.004533397604,29.438967613731,48.330038798231,44.054657079732,49.456273616588,33.705105889584,30.370080507747,30.090634352796,27.944748196695
Abr 1998,35.332042063402,29.689753614202,48.874025678731,44.394283774664,49.950766296371,34.392570135285,30.589558616435,30.294700131192,28.295222320397
May 1998,35.613481363762,30.054656879870,49.570599232648,44.264420791892,50.587515624390,34.898655198874,30.741683657120,30.575451233742,28.623696985441
Jun 1998,36.034420411382,30.650401125870,50.122369054243,44.646233520312,51.128129812746,35.269236214632,30.906350304661,30.755954479263,28.909563505764
Jul 1998,36.381878110460,31.034002851569,50.363230712590,45.023963736032,51.735104491310,35.533880120774,31.213271283245,30.914323234682,29.172292665504
Ago 1998,36.731632103784,31.297707788666,51.084381987033,45.369422603965,52.219672292344,36.031479601945,31.486980228942,31.313886599978,29.474848424777
Sep 1998,37.327376387091,31.830670543518,51.755558564944,45.897233992282,52.942437269209,36.608233599949,31.768934121350,33.074935714605,29.658682979072
Oct 1998,37.862268927258,32.449079585132,52.274558090166,46.716848287950,53.870900302537,37.055715150218,31.977960896258,33.308418951637,29.935066971098
Nov 1998,38.532786225594,32.989975015322,52.971131651095,47.601977289720,54.725218620424,37.606482070333,32.914981470358,33.536904076546,30.249633933185
Dic 1998,39.472974324694,33.914585496753,53.916964249570,48.144174694862,55.541783471366,38.407706077185,34.518565198725,33.812942671517,30.988385842346
Ene 1999,40.469770280540,35.348360690345,54.571141237684,48.781436470145,56.519676312786,39.373868464421,35.186870243459,34.339172477187,31.832077700357
Feb 1999,41.013642812364,35.454431950495,55.507347566726,49.413643702818,57.719030253386,40.226801442791,35.913122152183,34.976360378002,32.588151022845
Mar 1999,41.394683783067,35.236963200621,56.470794200114,50.252698564382,58.804345358082,41.195350401773,36.409096235831,35.374210100990,33.023335699247
Abr 1999,41.774576609237,35.393010345001,57.320773696952,50.654729482626,59.765696721712,41.826465116476,36.794866759506,35.630399052249,33.531346172364
May 1999,42.025877076750,35.638356794524,58.019395396583,50.306937742909,60.483985772868,42.531828631332,37.080536678894,35.833465207218,34.035690064441
Jun 1999,42.302006204759,35.776498745159,58.479613204312,50.728409227051,61.122486550078,43.097975659432,37.249616114116,36.026392338174,34.289189566555
Jul 1999,42.581579771548,35.940365243505,58.616429185176,51.258553487153,61.427822644586,43.411279034461,37.550266291529,36.225460004447,34.513482890162
Ago 1999,42.821255256238,35.986488109354,59.180487867033,51.639199779681,61.887091721875,43.788887170623,37.743964434832,36.568616103639,34.813257113441
Sep 1999,43.235018392757,36.017538882473,59.648693433231,52.113160794973,62.193206238246,44.398787950930,37.990383775235,38.700382334019,35.119985185899
Oct 1999,43.508851226519,36.087573112385,60.201896955423,52.699293887441,62.812246462286,44.813520481755,38.185359303377,38.830761658542,35.409265416592
Nov 1999,43.895776447020,36.199310574566,60.808761830824,53.764442537810,63.350525385053,45.327295596630,38.441300975329,38.996841786808,35.652776658266
Dic 1999,44.335516388566,36.576566153323,61.399856006661,54.454777062191,63.691085082055,45.759927385786,38.755654016900,39.206905295742,36.180384343961
Ene 2000,44.930830116378,37.075078410504,61.941999551813,55.059767496147,64.117855033369,46.356039104135,39.430229862805,39.783830241524,36.910285899202
Feb 2000,45.329380314522,37.163357802449,62.773136130515,55.637346731867,64.807731673329,46.910916226036,39.932126369531,40.175682233974,37.397181949513
Mar 2000,45.580680782035,37.237245050743,63.318556704603,56.087979068083,65.265249294823,47.402151528511,40.173668421138,40.263363400789,37.615532892828
Abr 2000,45.840018271642,37.473638903393,63.680873264980,56.398250517882,65.529329017400,47.735740739029,40.373637365611,40.449578782325,37.844883560875
May 2000,46.011379073729,37.773607521811,64.090297120695,56.156021051951,65.677423829608,48.052889142408,40.523323759642,40.628939604651,38.012028867024
Jun 2000,46.283920241006,38.114032804048,64.360447229101,56.524225387474,65.770639887287,48.273779296342,40.646185054006,40.776740921721,38.289930064682
Jul 2000,46.464466209718,38.190866470560,64.387687533446,56.881543007388,65.816372184928,48.587082676784,40.795058564314,40.983948370166,38.586922747370
Ago 2000,46.719785188278,38.343287247642,64.943553639457,57.269965526275,66.040752372697,48.716487708531,40.990382475064,41.429922777321,38.828411051267
Sep 2000,47.061071604015,38.430546722222,65.295219857546,57.653916720498,66.122292095833,48.867504442946,41.126249877399,43.511565081692,39.083427754415
Oct 2000,47.385135825853,38.635436507925,65.651801615532,58.538073698818,66.175614013238,49.116105304808,41.288710128843,43.706919868825,39.333892845268
Nov 2000,47.790287862833,38.754540026075,66.177560016004,59.687011191755,66.408362242636,49.499149515345,41.635578447112,43.951827362854,39.633919939217
Dic 2000,48.307671180741,39.524916550943,66.596200520420,60.172053328639,66.679253149909,49.891739996630,41.887804087571,44.218583747450,40.032565288824
Ene 2001,48.575476247934,39.582938436053,66.833785149831,60.741078720533,66.917255726879,50.365606382236,42.081850608968,44.598583073579,40.418567270434
Feb 2001,48.543328159565,38.772331894280,67.379000906542,61.217567007131,67.026624044813,51.057313419145,42.255691205450,45.021423362194,40.867280350684
Mar 2001,48.850887781724,39.146527729278,67.623549228577,61.549611888148,67.078194513028,51.540991254347,42.344063082091,45.218920190938,41.350004087808
Abr 2001,49.097308632383,39.628268031451,67.768762588641,61.359483147867,67.144944214168,51.745705774578,42.512561884147,45.450975400229,41.754338951633
May 2001,49.209970463625,39.921210562186,67.960263995572,60.700447934902,67.234657366862,51.860393640048,42.627410486873,45.621910835840,42.611685641931
Jun 2001,49.326363767192,39.953167927129,68.107730318726,60.800372448133,67.361150965776,52.099580815172,42.789406232687,45.810982277867,42.781738926305
Jul 2001,49.198201964030,39.819558935617,67.866459025627,60.079516229804,67.283697964023,52.117745252351,42.899842047732,46.034469290652,42.991998109322
Ago 2001,49.489687547186,40.454286638411,68.351459378268,59.832232221263,67.161485678751,52.382123979645,43.015387402132,46.442315242898,43.149281592665
Sep 2001,49.950381149772,40.806950912364,68.683258598353,60.429446435322,67.285254807749,52.505164832697,43.121758803075,48.618064858958,43.220084442408
Oct 2001,50.176135367754,41.102159920576,68.853254496318,60.894853600328,67.046668414381,52.624625836248,43.224065798946,48.630203129825,43.413275087365
Nov 2001,50.365148908872,41.023853038701,69.082851367260,61.855800812324,66.932240354339,52.753235347687,43.323121259924,48.720740362143,43.616580421202
Dic 2001,50.434898785093,41.007987679687,69.284183860998,61.784259527241,67.004828219450,52.870177190068,43.494174836172,48.846978393191,43.953399708020
Ene 2002,50.900472009716,41.609171476633,68.944601692808,61.823140659033,66.984589244417,53.141185280317,44.407505708935,49.240544027950,44.426640921447
Feb 2002,50.867749849081,40.496329838965,69.638103035165,63.001433410028,66.891957009738,53.545045662390,44.661240989303,49.600265296030,44.931996282411
Mar 2002,51.127948444496,40.651923685349,70.009226609495,63.733565155931,66.573971553357,53.652838996881,44.786889303903,49.839175059520,45.295619510852
Abr 2002,51.407234972562,40.970024140258,70.097706404788,64.184003086165,66.578447485671,53.903561251641,44.981051952836,49.933853580301,45.596152332348
May 2002,51.511429231398,41.171854178033,70.105694163258,64.153286992695,66.361267700132,54.055108338340,45.078597778418,50.008111248276,45.725999708887
Jun 2002,51.762586176959,41.588886479868,70.129452621292,64.557261964299,66.153623589014,54.149245194885,45.140260678415,50.092650745043,45.932971619167
Jul 2002,51.911181353362,41.918735482833,69.857342400434,64.651441967174,65.979639322789,54.257265667037,45.200180943132,50.328699552079,45.973475995041
Ago 2002,52.108560301264,42.057562710511,70.372628284826,64.942207719547,66.235195193900,54.318421652597,45.219139803843,50.685999643491,46.166127977698
Sep 2002,52.421983564994,42.005450387809,70.622910000103,65.389986978201,66.013977579372,54.508384050222,45.258411729603,52.298109593098,46.389126096049
Oct 2002,52.653036086686,42.176378806272,70.711244723141,66.153731687769,65.925490533561,54.655050174885,45.327476150766,52.188864964869,46.537178455036
Nov 2002,53.078877281374,42.638719333283,70.781351646187,67.379470870553,65.777571889818,54.750843178815,45.434458293351,52.234968202470,46.642930140027
Dic 2002,53.309929803065,43.241554682299,70.803785861562,67.677990376322,65.607861660165,54.838518131565,45.212820183606,52.386307091119,46.798339137970
Ene 2003,53.525440675316,43.167763633353,70.496016469388,68.260168027186,65.543147253528,55.270939657784,45.415950834085,52.699508433520,47.109616923790
Feb 2003,53.674122454970,43.036857478725,70.881604546144,68.488903752386,65.657387991776,55.549118211571,45.647971177077,52.976628981277,47.434228617719
Mar 2003,54.012930412786,43.643028016394,71.094729592205,68.785484819807,65.745214686498,55.767223186622,45.823114937934,53.147511633691,47.790106027209
Abr 2003,54.105144199470,43.587580505039,71.061779338373,68.866899230472,65.452679154452,56.016176756160,45.875477505613,53.700249362761,47.901834981352
May 2003,53.930559670749,43.591749490855,71.069491099909,67.845988366583,65.741252579970,56.294896513359,45.760821538454,53.742844745327,48.143684487027
Jun 2003,53.975112399147,43.590081896529,70.506532507845,68.013340210727,65.664651853746,56.622865781054,45.758564531226,53.697242629873,48.333117940141
Jul 2003,54.053338701334,43.653450480934,70.047332161891,68.088939306343,65.537864444822,56.812828178680,45.806864485896,53.929763306472,48.556116058491
Ago 2003,54.215489910502,43.616763405752,70.488304707853,68.264691050000,65.815211901841,56.916739233791,45.950861547013,54.360227231469,48.868773214116
Sep 2003,54.538238163897,43.919848674586,70.585753330888,68.467580930545,65.881907361744,57.042298425384,46.164374430739,55.433129749999,49.080736374032
Oct 2003,54.738207386707,44.199170724269,70.779248438496,68.935390718809,65.817853306195,57.054204900449,46.186944503014,55.488754308409,49.152003813917
Nov 2003,55.192541605370,44.581466723610,70.940494361503,70.381465727279,65.761723463702,57.236590450305,46.223056618655,55.489756552705,49.347874326118
Dic 2003,55.429810786838,45.105508240700,71.031633361464,70.523617872884,65.712197132092,57.221436754769,46.327781754013,55.713758152790,49.549262317535
Ene 2004,55.774317349450,45.644558106729,70.876697061531,70.806629871861,65.842286296456,57.507733359737,46.839219591774,55.748335580991,49.897783088070
Feb 2004,56.107944757453,46.041862455008,71.201993184466,71.161364089756,65.986242833671,57.765346183866,47.304163080648,55.854072354186,50.185611587218
Mar 2004,56.298070935617,46.089388893312,71.281915076739,71.543236444540,66.059541804454,57.939613682542,47.592608604329,55.968829326042,50.410908655242
Abr 2004,56.383031952562,45.893446559953,71.269996899822,71.698957658589,66.032467409840,58.046771958126,47.958243775191,56.194334292571,50.625170764833
May 2004,56.241602942647,45.879272008178,71.351320930555,70.816322063606,65.954545981440,58.243770000108,48.120748295574,56.225403865737,50.679885767066
Jun 2004,56.331744509406,45.727520924470,71.402498984380,71.115487715493,65.961809843409,58.358505123460,48.359539660248,56.317109218792,50.814144428012
Jul 2004,56.479390179097,45.941389896839,71.310658915188,71.382346061560,65.842286296456,58.413707871488,48.263842553800,56.618784751793,50.986565653540
Ago 2004,56.828041181560,46.700562213960,71.653481768886,71.660188891606,65.988884238023,58.473240246812,48.348254624110,56.854312161279,51.105191456703
Sep 2004,57.297917049664,47.463486618316,71.717980138088,71.948370059514,66.060202155542,58.651837372785,48.440340518994,58.082562545640,51.268876673472
Oct 2004,57.694747165395,48.311458333322,71.837161907268,72.374826496328,66.381132784380,58.707040120812,48.602845039377,58.125659050354,51.462448235998
Nov 2004,58.186899397697,48.752953931252,71.937414807224,73.820255358682,66.531032481387,58.858577076183,48.722917823882,58.159234234260,51.680848455001
Dic 2004,58.307088153376,48.789224107853,71.839265114959,74.081298389702,66.554144769473,58.874813178544,48.819969134667,58.372712269240,51.886374555831
Ene 2005,58.309160373301,48.132191943227,71.790190268826,74.364310388678,66.806398885142,59.123225544669,49.058309097895,58.632293541823,52.299265917230
Feb 2005,58.503430991316,48.358150974462,71.869411091869,74.419232808571,67.010447371378,59.544281799235,49.253765923801,58.757072956635,52.663419545546
Mar 2005,58.767120976834,48.781303034802,71.980180030282,74.567846415340,67.174874792326,59.835990438324,49.438389115014,59.044215947349,52.858830267812
Abr 2005,58.976415189308,49.430414126377,72.075525445626,74.326187767812,67.254777273991,60.061131057731,49.693430931726,59.016153107070,53.063436788772
May 2005,58.828251464636,49.833138156218,72.142828091750,72.825836485565,67.374300820945,60.266788354305,49.785065425165,59.071777665480,53.200454189325
Jun 2005,58.771783471666,49.227801415712,72.155447337898,73.026787927761,67.540048944069,60.372323019653,49.877151320048,59.322839861549,53.362760036289
Jul 2005,59.001799883395,49.622604372502,71.980881099513,73.238723853935,67.490522612458,60.448632700750,49.999932513227,59.647065891203,53.606448701703
Ago 2005,59.072255360862,49.575077934198,72.257803445547,73.433859981084,67.388168193796,60.545508111505,50.023405388394,59.783371115416,53.692889209435
Sep 2005,59.309006487348,49.613432603706,72.410636537787,73.668411021331,67.429770312349,60.794461681042,50.089309999437,60.925929612496,53.716798286042
Oct 2005,59.454579937114,49.385389079563,72.498270191596,74.381756333821,67.548633508214,60.946539839825,50.244592096693,60.952489086332,53.860712535616
Nov 2005,59.882493351727,49.167768019960,72.638484037689,76.418408892668,67.704476365016,61.015272673154,50.355185450843,61.034171996430,54.046467669252
Dic 2005,60.250312388501,49.884416681756,72.746448699180,76.748589558141,67.800227272796,61.155985560284,50.527620803027,61.343364361649,54.200957087325
Ene 2006,60.603625885796,50.531443280423,72.799729960696,77.225445392033,67.913807659957,61.343241940849,50.797107465996,61.257672474368,54.414299617046
Feb 2006,60.696357727462,50.579803515891,72.894374306808,77.229322268731,68.063047005877,61.589489493326,50.853984048130,61.417029317382,54.677299459719
Mar 2006,60.772511809723,50.161654238530,72.978502614464,77.518149582756,68.181910201742,62.034358698022,51.037253035006,61.738749736296,54.964668168933
Abr 2006,60.861617266519,50.054511303055,73.039495637514,77.306213656581,68.125120008162,62.388305729494,51.541919851085,62.074000453202,55.183987967805
May 2006,60.590674511262,50.225856620099,73.052815952893,75.858200209762,68.024086291677,62.519276955208,51.528829209165,61.835466310829,55.321465158293
Jun 2006,60.642998064380,49.941114888856,73.033887083671,76.133458455342,68.175967041949,62.689214826587,51.614144082366,62.079512796828,55.491587434148
Jul 2006,60.809293713401,50.062015477524,72.898580722191,76.353148134913,68.024746642765,62.781219406634,51.780259814313,62.559587814461,55.573889832467
Ago 2006,61.119608647242,50.792421792514,73.136944260549,76.548284262061,68.155496158217,62.834257341013,51.957660582398,62.598675341993,55.720103031715
Sep 2006,61.736612130056,52.269910365759,73.239300368197,76.669113585825,68.499539075138,62.858070291143,52.043426857045,63.695631723619,55.858040012138
Oct 2006,62.006518775351,52.725163616882,73.300293391247,77.202830277960,68.819149001799,62.977135041792,51.947278349152,63.755766381361,56.009310900668
Nov 2006,62.331857303652,52.303679150869,73.441208306571,79.071484846546,68.817167948535,63.047491485357,52.059225907638,63.836948169311,56.143569561613
Dic 2006,62.692423570686,53.010739145289,73.648023729558,79.258867220298,68.987538529275,63.243948323926,52.318781738806,64.050927326440,56.458985456846
Ene 2007,63.016207934044,53.532696169471,73.486777806551,79.710523355651,68.926786229167,63.529703725482,52.532294622531,63.996305012324,56.972570813953
Feb 2007,63.192346627711,53.597732348203,73.816280344869,79.880459784260,69.015273274978,63.929111843566,52.681708500995,64.198758360053,57.292584608535
Mar 2007,63.329113142793,53.626915248916,73.940369598662,79.856552377954,69.095836107731,64.294965350104,52.939910127826,64.575101093082,57.430521588957
Abr 2007,63.291295129152,53.764074882268,74.032910737083,79.203944800405,69.258282475414,64.594792040373,53.086615597616,64.536013565551,57.547308232382
May 2007,62.982534360255,53.313407515542,74.044127844771,78.117773178761,69.373183564750,64.762565098105,53.173284675154,64.569588749456,57.707315129672
Jun 2007,63.058170387535,53.179166172261,74.037818221697,78.267032931646,69.456387801857,64.883794662401,53.314121926153,64.824659922708,57.930773037957
Jul 2007,63.326004812904,53.705709080841,73.962102744807,78.446015405885,69.407521821334,65.026131159767,53.476175045090,65.146380341622,58.071928547923
Ago 2007,63.583996193627,54.208488770270,74.154195713954,78.669581962154,69.528366070464,65.153855165008,53.584059990567,65.285191176574,58.234694184822
Sep 2007,64.077702590875,55.255738007287,74.245334713914,78.893148518424,69.560062922694,65.285367594133,53.679305695569,66.278415273598,58.251246622473
Oct 2007,64.327405091896,55.307016532826,74.391157113851,79.768030360009,69.682227874001,65.406055955017,53.711806599646,66.307981480320,58.517464994688
Nov 2007,64.781221255577,55.761852885368,74.550299829167,81.003461734539,69.761470004578,65.527826722726,53.831427982706,66.353082473626,58.783223576970
Dic 2007,65.049055680946,56.190424627269,74.611292852217,81.095214483065,70.260695427213,65.800593242393,53.970459627922,66.735939794577,58.992887787213
Ene 2008,65.350563680104,56.538534942917,74.464068313819,81.740714453334,70.357106686082,66.162117121635,54.084664193636,66.700861244229,59.327155069771
Feb 2008,65.544834298119,56.361769944312,74.870688467489,82.307384597405,70.657566431186,66.412694301408,54.198868759350,66.942903241636,59.698205547108
Mar 2008,66.019890716036,57.085505881997,75.101340244312,82.707995189563,71.080191127597,66.744993196399,54.592490819833,67.336284127692,60.025116190709
Abr 2008,66.170126660634,57.783394107620,75.113258421230,82.156832552286,71.472439673953,66.991781952288,54.781176624056,67.217017056506,60.273402755471
May 2008,66.098635073205,57.948069047358,75.240853021174,81.207643907316,71.689034830864,67.330575288225,54.915694254818,67.258109072629,60.483986545583
Jun 2008,66.372168103369,58.146929670789,75.252070128862,81.640561805295,72.169110071944,67.659085759332,55.086775402665,67.516186978768,60.776412944079
Jul 2008,66.742059360068,58.633450315534,75.126578736608,81.972680909116,72.309764853717,67.834435664832,55.458278792319,68.116531311883,61.020101609493
Ago 2008,67.127492266209,59.053267187221,75.533899959508,82.315784496917,72.795122903502,68.134262355100,55.971973637308,68.353060965664,61.364944060550
Sep 2008,67.584934814760,59.479337537632,75.725291859425,82.563904605609,73.339912551219,68.448701537495,56.398999404760,69.589830426538,61.580585539944
Oct 2008,68.045485693200,59.813690200087,75.960851120861,83.704352501030,73.724236884518,68.508775116231,56.757412152494,69.730144627934,61.882207737135
Nov 2008,68.818941780387,60.790066678230,76.166965474618,85.328117691506,74.078845418849,68.736621752699,57.050823092075,69.926083387740,62.457864735433
Dic 2008,69.295552363249,61.945709546467,76.324706051473,85.505807873512,74.554958553400,68.979080881292,56.924882088777,70.410668504704,62.834892481922
Ene 2009,69.456149407474,62.222113306078,76.220947805364,85.226672751233,74.978243600899,69.678315689645,57.433160116420,70.143069277756,63.174217453762
Feb 2009,69.609493681960,62.031590654280,76.877849674310,85.216980559488,76.058577981099,70.196247354965,57.705806589507,70.423196558399,63.473080911344
Mar 2009,70.009950182561,62.705298762170,77.208053281859,85.402424494890,76.705061696390,70.634080915304,57.999668930534,70.686285686016,63.730103484865
Abr 2009,70.254990188749,63.626644627540,77.302697627971,84.837692789170,77.246549588667,71.182861175110,58.048420286649,70.773480939741,63.943905804520
May 2009,70.050358471108,63.847600875796,77.425384743303,83.317310977315,77.705493594925,71.538973020231,57.989738098732,70.734894534357,64.161846233589
Jun 2009,70.179354161469,63.891792125447,77.605559535532,83.325064730712,78.193493049062,71.734347451977,58.192417347766,70.935844515642,64.384844351939
Jul 2009,70.370516449595,64.036455933268,77.503904497115,83.325064730712,78.280659392697,72.004949157995,58.512912374077,71.465029503763,64.597727091725
Ago 2009,70.538884318541,64.190708408466,77.925948173854,83.360602767112,78.494613145255,72.221430522811,58.879901749276,71.527669772244,64.724629113713
Sep 2009,70.892715870818,64.864833414937,78.416696635180,83.364479643810,78.649135299880,72.288539745903,59.002231541009,72.399121187341,64.833599328247
Oct 2009,71.107190633106,64.510052721982,78.597572496640,84.513973584860,78.535554912719,72.322094357450,59.210779008834,72.536428655850,65.049700597576
Nov 2009,71.476045779843,64.320780765929,78.835936034997,86.126754291358,78.470180154994,72.343201290520,59.543913275619,72.592554336408,65.229938251996
Dic 2009,71.771855174205,64.569252320572,78.969840258016,86.306382911714,78.663663023819,72.383791546423,59.969584838734,73.253534449412,65.574320913118
Ene 2010,72.552045976151,65.679870141995,78.886413019591,87.189664652812,79.166850552984,73.238892937442,60.893152196245,73.265561380960,66.218946401627
Feb 2010,72.971670511062,66.067168924316,79.334396257858,87.825472431335,79.500988203583,73.631265411169,61.263301381563,73.454985552844,66.641493351655
Mar 2010,73.489725492434,66.982678209543,79.705962950004,88.117530475942,79.616549644008,73.945704593564,61.772933613542,73.959114433574,66.812994997314
Abr 2010,73.255564640854,66.485735100257,79.994102403726,87.302740223179,79.750600914901,74.274215064671,62.052351108312,73.702539893878,67.100363706529
May 2010,72.793977652452,65.760331568247,80.142729080584,85.640852411836,79.760506181223,74.551852415046,62.327705990072,73.729099367714,67.366582078745
Jun 2010,72.771183233271,65.173338365333,80.293458965134,85.765558612299,79.790882331277,74.580536195884,62.705528999963,74.046309687298,67.506358218907
Jul 2010,72.929190002590,65.203771961790,80.004618442182,85.856665214709,79.627775612506,74.687153268055,63.093734243101,74.621096790873,67.653950787958
Ago 2010,73.131749500306,65.553132973184,80.527616088109,86.088631670492,79.709659147436,74.943683685362,63.133908971750,74.515861139826,67.846142980681
Sep 2010,73.515110186521,66.054661966867,80.932834103318,86.276660190359,80.051721011094,75.206708543612,63.314018148509,75.522114412693,67.884305545265
Oct 2010,73.968926350203,66.619142646374,81.239201357031,87.209695182420,80.399065683456,75.398835754886,63.429125517113,75.675457789933,68.129833370417
Nov 2010,74.561581248892,67.178620542902,81.497194833842,88.867059970948,80.595189956635,75.449708875617,63.734724295723,75.685981355037,68.301794806011
Dic 2010,74.930954450610,67.983234805419,81.606561633794,88.823122035034,80.758957026494,75.475145435983,64.093588444903,76.101912737747,68.733537554734
Ene 2011,75.295991345634,68.530188226420,81.124278681577,89.191782769406,80.772024991524,75.959373063495,64.520267626324,76.033750133264,69.191398026995
Feb 2011,75.578460244005,68.824356293071,81.931177256871,89.524097241968,81.075539626419,76.152078956517,64.693467787977,76.102286053702,69.523671936270
Mar 2011,75.723450928541,68.914869544348,82.501711603039,89.625390958203,81.144960526953,76.284328098786,64.819198275696,76.229458261624,69.816733396624
Abr 2011,75.717440951980,69.915315253540,82.804909855573,88.115759169747,81.342729371499,76.400707343984,65.048848860407,76.322362509329,70.060951280252
May 2011,75.159264378869,69.179552233689,82.987480846347,86.379549331817,81.504980546004,76.595680365159,65.152127475319,76.119800788925,70.219864889036
Jun 2011,75.155508143518,68.718071793465,82.984220650083,86.520827409724,81.892446037358,76.656137115911,65.364458043865,76.222604669581,70.402856317332
Jul 2011,75.516106737184,69.562176432269,82.692433084472,86.640780494740,81.543727095139,76.621374484228,65.858399245617,76.730531991045,70.592039184931
Ago 2011,75.635555021335,69.608118764357,83.259707234376,86.715417969861,81.476727853926,76.460408385351,66.106652810654,76.961269589851,70.763335672322
Sep 2011,75.821113047659,69.665032399630,83.699833729991,86.814046061985,81.819796257729,76.456629838429,66.369018981455,77.783700635100,70.704173030090
Oct 2011,76.332712302422,69.998285733877,83.973690216151,88.169071651976,82.182237936101,76.337227755694,66.615989582331,77.974078191870,71.024751998459
Nov 2011,77.158332832502,70.574279151095,84.298079744401,90.522817742394,82.306549781243,76.429424300591,66.920052088345,78.011392192997,71.440266369478
Dic 2011,77.792385359697,72.078719100353,84.407296319238,90.686309354564,83.041119775270,76.935749588138,67.290828730699,78.498758738330,71.809000976872
Ene 2012,78.343049462107,73.498131449926,83.788674078180,90.858686380438,83.602944737734,77.667276272237,67.643002392728,78.496474207649,72.253408731305
Feb 2012,78.502313840976,73.393218363219,84.621654223584,91.039948820017,84.193829612050,77.794991158200,67.821975893103,78.576432781492,72.649660846714
Mar 2012,78.547388665184,73.104535948160,85.026733609363,91.011515496162,84.549006312459,77.965025769690,67.965026396988,78.870375729146,72.986750319891
Abr 2012,78.300979626180,73.013336990434,85.303035242722,89.764891953369,84.874315881242,78.161510209634,68.140151004882,78.587855434899,73.327279481570
May 2012,78.053819340105,73.378132821339,85.403286277834,87.900732158089,85.056747550088,78.394268700029,68.380706784956,78.654868334882,73.650610200740
Jun 2012,78.413666686700,74.269551205129,85.369054217064,87.900732158089,85.394972635250,78.798573220682,68.643072955757,78.877229321190,73.936792284091
Jul 2012,78.853897469800,75.278225391710,85.040589443485,88.118424793858,85.655704622140,79.159046597041,68.936871748488,79.374495499475,74.092954142073
Ago 2012,79.090540296893,75.539479548805,85.766798161249,88.276585157805,85.947110960430,79.511207170171,69.154975655755,79.408001949466,74.324101209395
Sep 2012,79.439118937436,76.666095244626,86.135200339060,87.786110321297,86.194120211169,79.613227937065,69.430171468160,80.410910918534,74.392207041730
Oct 2012,79.841036119959,76.824493434361,86.422912659342,88.715524594825,85.936617103373,79.947251484969,69.716913958009,80.555597861679,74.959067706829
Nov 2012,80.383436504598,76.833407618199,86.463665112640,90.389536536821,86.284528825818,80.348533168085,70.099878759887,80.650786640065,75.202597652757
Dic 2012,80.568243283851,77.266774094010,86.522348645389,90.065218936594,86.824558854394,80.789111739190,70.346207878683,80.972905466120,75.469517480497
Ene 2013,80.892782018150,77.412829567662,85.933883219770,90.772497867501,86.763210151596,81.305261248734,70.648345938456,81.046771958147,76.052888650404
Feb 2013,81.290942965322,77.509514176981,86.681283213249,91.720571509810,86.562212427956,81.354382358720,71.085195235071,81.306446945583,76.279220153823
Mar 2013,81.887433139011,78.921383755614,87.021158673752,92.007570372477,86.373323000920,81.710321478772,71.552835671536,81.740507775019,76.419559444697
Abr 2013,81.941522928061,79.498062879281,87.067616470512,91.096815467728,86.384624077751,81.735259888457,72.361103092585,81.508247155759,76.596359433690
May 2013,81.668820241601,79.356121644324,87.132820395788,89.746232584589,86.441129461907,81.875066124571,72.552264752484,81.649126547770,76.938952408470
Jun 2013,81.619237934972,78.501045702335,86.835327486715,89.883956497015,86.743836877028,82.026208001451,73.112920090577,81.879102636348,77.134326715373
Jul 2013,81.592193040447,78.097850310282,86.283539269064,89.892841910719,86.316817616764,82.242340885389,73.431736684436,82.281941546475,77.311126704366
Ago 2013,81.824328385119,78.608015908390,86.961660091938,89.924829400057,86.432250044397,82.222692441395,73.719762138445,82.387791468039,77.314566392868
Sep 2013,82.132339683875,78.946069187781,87.504482769863,89.988804378732,86.771282349332,82.688965131569,74.044993553105,83.256674637140,77.262971065340
Oct 2013,82.522988160346,78.885041313814,87.732696508330,91.430018481661,86.634862207585,82.419932590723,74.265021906613,83.345009823482,77.607627853222
Nov 2013,83.292265160166,79.745602907395,87.718025625143,93.424793858402,86.930304644743,82.092710427278,74.565235520146,83.402884600740,77.952972578803
Dic 2013,83.770058296773,80.442280659650,87.836207739706,93.521644867785,87.408985970520,82.626996962048,75.505648249716,83.916904004021,78.122893190793
Ene 2014,84.519051625699,81.429697946309,87.231441332768,94.172945692351,87.814210296895,83.565588017472,76.487757314499,84.124796296014,79.437542136184
Feb 2014,84.733157040688,81.362498714300,88.246992468947,94.565680978106,87.811788637575,82.937593519036,76.812347247080,84.391324875493,80.055310191109
Mar 2014,84.965292385360,81.630609935887,88.413262478401,94.719398635200,87.986148108684,83.337363783384,77.108070486051,84.465191367520,80.387584100384
Abr 2014,84.806779253561,81.454383378476,88.650441756594,93.467443844185,88.171001436851,83.607907742998,77.477564164245,84.915243911726,80.939310136074
May 2014,84.535579061242,81.933006479926,88.739282104783,91.597952800682,88.255759513085,83.786255157717,77.705290302715,84.618254923164,81.266080543746
Jun 2014,84.682072239918,81.992662940995,88.760473380498,91.771218367927,88.087857800165,84.090050330245,77.916337907101,84.789594724257,81.542631499291
Jul 2014,84.914958831661,82.322487742997,88.238841978287,91.939152686949,88.069291745371,84.139171440231,78.278775282413,85.306660168446,81.847387900552
Ago 2014,85.219965142136,83.092536085302,89.139471196166,91.959589138470,88.570575224811,84.336411589559,78.303793083540,85.321890372988,82.036570768151
Sep 2014,85.596339924274,83.811842150375,89.620350145079,91.993353710549,88.551201950243,84.765654519898,78.485973994317,86.359067302274,82.059272712263
Oct 2014,86.069625578460,83.985325881990,89.841228441952,93.345713676429,88.367155841850,84.713510572374,78.727171256471,86.530407103367,82.633012754365
Nov 2014,86.763777871266,84.533891041245,89.763798780687,95.420457776514,88.409131270080,84.881278055711,78.704077901584,86.642349106749,83.089803387405
Dic 2014,87.188983712964,85.699592004663,89.825742509699,95.408906738698,88.786910124150,84.997657300908,78.865731385794,87.150276428212,83.435836050687
Ene 2015,87.110102770599,85.695477765968,89.004988100284,94.926428774524,89.106569154518,85.372489155570,78.787470572010,87.127431121400,84.084561302129
Feb 2015,87.275377126029,85.419823773443,90.093893652398,95.184994313335,89.456902536285,85.735985369466,78.947841092059,87.374921945202,84.400324706595
Mar 2015,87.630716990204,85.656392498371,90.481041958726,95.277402615866,89.616732051468,86.004262200928,79.940213870126,87.891987389391,84.634223524718
Abr 2015,87.403840375023,85.851133129907,90.886936393571,94.043218652260,89.996125345087,86.284630382540,79.720185516618,87.634596932637,84.911462417963
May 2015,86.967365827273,85.433537902424,91.094773905389,92.190609894797,89.923475565458,86.410833849735,80.192316327643,87.698563791712,85.111652288769
Jun 2015,87.113107758880,85.484280179655,91.245557982591,92.291903611032,90.042944091959,86.496229010172,80.520113670625,87.914832696203,85.309090408773
Jul 2015,87.240819760803,85.575479137381,90.664427998566,92.352324424225,90.073618443357,86.567265692305,80.740142024133,88.493580468786,85.593896616722
Ago 2015,87.424875292986,85.751705694792,91.248818178854,92.474054591982,90.357759803684,87.024469869867,80.749122773255,88.530894469913,85.939241342304
Sep 2015,87.752419015566,86.229643089793,91.745183060020,92.570017059994,90.654816680389,87.644907274459,80.752330183656,89.494966417399,86.020417990947
Oct 2015,88.203918504718,86.459354750231,92.196720242559,93.883281205573,91.027752215818,87.687226999985,80.665730102830,89.588632175330,86.497158817298
Nov 2015,88.685467876675,86.748722871739,92.358099957618,95.398244242252,91.357097883470,87.651708658918,80.585544842805,89.641937891226,86.872084863995
Dic 2015,89.046817717411,87.686769294065,92.427379128224,95.342266135911,91.396651652379,87.830811783021,80.781838359345,90.246577011529,87.198855271667
Ene 2016,89.386381393113,88.775671135187,91.672643693150,95.627487915837,91.682407452253,88.591811133111,80.273784551829,90.209263010402,87.795297257880
Feb 2016,89.777781116654,89.526519696918,92.839793955596,95.822078475974,92.466217852473,88.702900412617,80.210919307969,90.475030079654,88.224570382906
Mar 2016,89.910000600998,89.364692974937,93.604309979461,95.972241967586,92.313653315252,88.855553708266,80.235937109097,91.107083568132,88.556156354481
Abr 2016,89.625277961416,89.097267459800,93.865125680566,94.786039237987,92.439579599942,89.583301845442,80.072359178646,90.968488706803,88.994372669611
May 2016,89.225614520103,89.086981863064,93.731457633750,92.918325277225,92.414555786959,89.834953070447,80.051190270000,91.078146179503,89.398880037424
Jun 2016,89.324027886291,88.809956457641,94.015094708702,92.967195052602,92.515458258666,90.010277647628,80.548338882153,91.387319331699,89.608013098334
Jul 2016,89.556914478034,88.599444577776,93.557852182701,93.043609610464,92.312038875704,90.293668666778,81.793455599818,92.000335064500,89.892131368583
Ago 2016,89.809333493599,88.754414235266,94.523685325857,92.882783622406,92.653492839961,90.822665235857,82.554894829013,92.020895840631,90.195511894443
Sep 2016,90.357743854799,90.142284088182,95.105630358948,92.680196189935,92.861755541564,91.270045191421,82.960311503698,93.207328774425,90.129469875208
Oct 2016,90.906154215999,90.411081016217,95.460176702638,94.125852999716,93.114415330718,91.365264573856,83.359313357581,93.233220122146,90.485821603996
Nov 2016,91.616833944348,90.830733363047,95.131711929058,96.213036678988,93.247606593371,91.377355924006,83.687110700563,93.482233966402,90.920598230624
Dic 2016,92.039034797764,91.466383241334,95.437355328791,96.404961615013,93.400978350366,91.474086725209,84.213767488405,94.063266269666,91.462693138509
Ene 2017,93.603882444859,91.850378852813,95.002934176637,97.924367358544,94.185595970359,92.404364977404,90.073064808935,94.144747863964,92.494599689052
Feb 2017,94.144780335357,92.108890184112,96.483063280410,98.508139038954,94.941153678501,93.214485437480,90.514404480111,94.632114409297,93.100672803071
Mar 2017,94.722489332292,93.296533753900,97.314413327682,98.823571225476,95.829095429522,93.954324924807,90.405352526477,95.131665118263,93.513435423288
Abr 2017,94.838932628163,94.319607775911,97.716232517198,97.339707136764,96.197994866082,94.612547798619,90.707490586251,95.539834599979,94.006686754448
May 2017,94.725494320572,95.012856995920,97.968897727643,95.497760875746,96.967275310376,94.984356815743,91.163584345271,95.152987404621,94.549469600033
Jun 2017,94.963639641805,95.441423526588,97.873536986927,95.711010804663,97.351511922636,95.337273098257,91.078908710685,95.383725003427,94.934026774535
Jul 2017,95.322735741331,96.570096341756,97.444006129169,95.679911856696,97.316801472369,95.475567915602,91.032080518831,96.084314412343,95.326839201442
Ago 2017,95.793767654306,97.547913738129,98.588335017768,96.037994029002,97.410438966113,95.859468282877,91.094304280610,96.181787721409,95.615085097894
Sep 2017,96.093515235291,97.628827099119,99.277051478499,96.353426215525,97.405595647471,96.077868294969,91.352821558930,97.366697634749,95.582752025977
Oct 2017,96.698269126750,97.052833681901,99.670720177355,98.460157804947,97.309536494406,96.215407402929,92.410625509176,97.627134132411,95.886132551836
Nov 2017,97.695173988822,97.724140295540,99.345515600039,101.068026727324,97.993251642692,96.821486329217,92.934716368698,97.887570630074,96.307838362158
Dic 2017,98.272882985756,98.710871875750,99.303948097676,101.358579755473,98.130479004214,97.083717485604,93.885392811552,98.377221706088,96.734359736382
Ene 2018,98.794999699501,99.271094044640,99.145013529815,101.947682684106,98.444487496166,97.745718906337,94.659020200271,98.237103824304,97.631430497654
Feb 2018,99.171374481640,98.861041588096,100.140188439344,101.854385840205,98.936084338322,98.005682934571,96.628370186479,98.793006290075,98.192099723449
Mar 2018,99.492156980588,99.112695854905,100.471098360121,101.810847313051,99.445440015499,98.344996448166,97.337849367178,99.488265127401,98.483785308403
Abr 2018,99.154847046097,99.059210751877,100.711537834578,100.112844754052,99.794966177492,99.084080226108,97.473843568180,99.004706133203,98.836697348688
May 2018,98.994080173087,98.846641752666,100.561568806442,98.920422234859,99.711822540805,99.649350845639,98.183322748879,99.204983322926,99.058213288205
Jun 2018,99.376464931787,98.877498542874,100.432791054021,99.702338640887,99.897483088746,99.778577150371,98.906273053262,99.551470476249,99.393926885981
Jul 2018,99.909099104514,99.836801865122,100.110031623904,99.951130224623,100.053276505061,99.943321796170,99.786386467294,100.036552490900,99.872043587733
Ago 2018,100.492000000000,100.759000000000,100.623000000000,100.201000000000,100.419000000000,100.310000000000,100.722000000000,100.197000000000,100.335000000000
Sep 2018,100.917000000000,100.957000000000,101.114000000000,100.852000000000,100.569000000000,100.613000000000,101.483000000000,101.008000000000,100.190000000000
Oct 2018,101.440000000000,100.887000000000,101.260000000000,102.244000000000,100.634000000000,101.001000000000,102.340000000000,101.342000000000,100.815000000000
Nov 2018,102.303000000000,102.305000000000,101.223000000000,103.787000000000,100.866000000000,101.160000000000,102.513000000000,101.426000000000,101.319000000000
Dic 2018,103.020000000000,104.030000000000,101.428000000000,103.933000000000,100.931000000000,101.383000000000,102.673000000000,102.143000000000,101.901000000000
Ene 2019,103.108000000000,104.484000000000,100.957000000000,104.033000000000,100.583000000000,102.078000000000,101.788000000000,101.917000000000,102.734000000000
Feb 2019,103.079000000000,103.282000000000,101.918000000000,104.281000000000,100.664000000000,102.493000000000,102.525000000000,102.376000000000,103.422000000000
Mar 2019,103.476000000000,103.309000000000,102.428000000000,104.610000000000,100.845000000000,102.805000000000,103.926000000000,102.745000000000,103.810000000000
Abr 2019,103.531000000000,103.766000000000,102.718000000000,103.425000000000,101.090000000000,103.340000000000,103.980000000000,103.447000000000,104.366000000000
May 2019,103.233000000000,104.113000000000,102.753000000000,101.674000000000,100.640000000000,103.909000000000,103.807000000000,102.948000000000,104.798000000000
Jun 2019,103.299000000000,104.298000000000,102.619000000000,101.340000000000,100.936000000000,104.169000000000,103.909000000000,103.150000000000,105.130000000000
Jul 2019,103.687000000000,105.199000000000,102.265000000000,101.256000000000,100.917000000000,104.460000000000,104.330000000000,103.609000000000,105.529000000000
Ago 2019,103.670000000000,104.791000000000,103.184000000000,101.356000000000,101.072000000000,104.923000000000,104.022000000000,103.797000000000,105.843000000000
Sep 2019,103.942000000000,105.052000000000,103.639000000000,101.594000000000,101.091000000000,105.235000000000,104.318000000000,104.466000000000,105.756000000000
Oct 2019,104.503000000000,105.311000000000,103.939000000000,103.289000000000,100.911000000000,105.303000000000,104.492000000000,104.821000000000,106.263000000000
Nov 2019,105.346000000000,106.133000000000,104.035000000000,105.490000000000,100.828000000000,105.369000000000,104.762000000000,104.933000000000,106.947000000000
Dic 2019,105.934000000000,107.018000000000,104.237000000000,105.846000000000,100.873000000000,105.620000000000,105.485000000000,105.531000000000,107.642000000000
Ene 2020,106.447000000000,108.468000000000,103.670000000000,105.897000000000,100.923000000000,106.321000000000,105.649000000000,105.044000000000,108.443000000000
Feb 2020,106.889000000000,109.429000000000,104.418000000000,106.015000000000,101.217000000000,106.557000000000,105.486000000000,105.477000000000,108.943000000000
Mar 2020,106.838000000000,110.240000000000,104.753000000000,106.254000000000,101.450000000000,107.004000000000,102.346000000000,105.509000000000,109.312000000000
Abr 2020,105.755000000000,110.725000000000,103.796000000000,105.222000000000,101.764000000000,107.659000000000,95.214000000000,105.223000000000,109.442000000000
May 2020,106.162000000000,112.087000000000,101.124000000000,103.556000000000,101.864000000000,108.197000000000,98.349000000000,105.269000000000,109.620000000000
Jun 2020,106.743000000000,111.555000000000,101.885000000000,103.939000000000,103.576000000000,108.559000000000,101.733000000000,105.488000000000,109.871000000000
Jul 2020,107.444000000000,111.967000000000,102.851000000000,104.270000000000,104.447000000000,109.087000000000,104.166000000000,105.486000000000,110.345000000000
Ago 2020,107.867000000000,112.537000000000,103.564000000000,104.653000000000,105.025000000000,109.668000000000,104.298000000000,105.655000000000,110.715000000000
Sep 2020,108.114000000000,112.806000000000,104.376000000000,104.739000000000,105.496000000000,109.920000000000,104.398000000000,106.310000000000,110.626000000000
Oct 2020,108.774000000000,113.551000000000,104.669000000000,106.433000000000,105.893000000000,109.897000000000,104.339000000000,106.458000000000,110.914000000000
Nov 2020,108.856000000000,113.488000000000,102.701000000000,108.572000000000,104.539000000000,109.949000000000,102.559000000000,106.320000000000,111.531000000000
Dic 2020,109.271000000000,113.261000000000,104.990000000000,108.955000000000,106.077000000000,110.416000000000,103.267000000000,106.756000000000,112.044000000000
Ene 2021,110.210000000000,113.983000000000,104.352000000000,110.113000000000,106.878000000000,111.188000000000,105.860000000000,106.520000000000,112.877000000000
Feb 2021,110.907000000000,114.221000000000,105.399000000000,110.762000000000,107.372000000000,111.551000000000,108.162000000000,106.734000000000,113.376000000000
Mar 2021,111.824000000000,115.147000000000,106.509000000000,111.658000000000,108.128000000000,111.680000000000,109.855000000000,107.321000000000,113.975000000000
Abr 2021,112.190000000000,116.549000000000,106.774000000000,110.508000000000,108.719000000000,112.078000000000,110.345000000000,107.378000000000,114.640000000000
May 2021,112.419000000000,117.927000000000,107.078000000000,108.596000000000,108.783000000000,112.715000000000,110.936000000000,107.747000000000,115.345000000000
Jun 2021,113.018000000000,118.536000000000,107.353000000000,109.192000000000,109.993000000000,113.022000000000,111.492000000000,108.129000000000,116.326000000000
Jul 2021,113.682000000000,119.456000000000,107.335000000000,110.145000000000,110.292000000000,113.478000000000,111.679000000000,108.562000000000,117.152000000000
Ago 2021,113.899000000000,120.791000000000,108.372000000000,108.495000000000,111.091000000000,114.101000000000,111.592000000000,108.754000000000,117.639000000000
Sep 2021,114.601000000000,121.900000000000,109.158000000000,109.284000000000,111.819000000000,114.537000000000,111.670000000000,109.539000000000,117.717000000000
Oct 2021,115.561000000000,122.401000000000,109.729000000000,111.869000000000,112.848000000000,114.891000000000,111.946000000000,110.056000000000,118.339000000000
Nov 2021,116.884000000000,124.706000000000,109.126000000000,114.078000000000,112.379000000000,115.444000000000,112.273000000000,110.435000000000,119.239000000000
Dic 2021,117.308000000000,125.358000000000,110.487000000000,112.803000000000,113.874000000000,116.125000000000,113.487000000000,111.141000000000,120.350000000000
Ene 2022,118.002000000000,126.472000000000,110.247000000000,113.061000000000,114.741000000000,117.270000000000,113.906000000000,110.921000000000,122.298000000000
Feb 2022,118.981000000000,127.536000000000,111.365000000000,113.997000000000,115.662000000000,118.044000000000,114.987000000000,111.517000000000,123.452000000000
Mar 2022,120.159000000000,129.083000000000,112.257000000000,115.281000000000,116.288000000000,118.628000000000,116.722000000000,111.510000000000,124.337000000000
Abr 2022,120.809000000000,130.608000000000,112.855000000000,114.185000000000,116.951000000000,119.827000000000,117.785000000000,112.270000000000,125.212000000000
May 2022,121.022000000000,131.947000000000,112.974000000000,112.318000000000,116.659000000000,120.779000000000,118.270000000000,112.237000000000,126.446000000000
Jun 2022,122.044000000000,133.851000000000,113.487000000000,112.587000000000,117.737000000000,121.577000000000,119.209000000000,112.562000000000,127.635000000000
Jul 2022,122.948000000000,135.506000000000,113.316000000000,113.033000000000,118.094000000000,122.364000000000,119.978000000000,113.072000000000,128.745000000000
Ago 2022,123.803000000000,137.231000000000,114.414000000000,113.054000000000,119.019000000000,123.317000000000,120.124000000000,113.510000000000,130.041000000000
Sep 2022,124.571000000000,138.916000000000,115.425000000000,112.813000000000,119.785000000000,124.400000000000,120.144000000000,114.591000000000,130.666000000000
Oct 2022,125.276000000000,139.602000000000,116.264000000000,113.411000000000,120.408000000000,125.065000000000,120.812000000000,115.146000000000,131.974000000000
Nov 2022,125.997000000000,139.992000000000,116.401000000000,115.282000000000,119.623000000000,125.842000000000,121.047000000000,115.491000000000,133.265000000000
Dic 2022,126.478000000000,141.051000000000,117.007000000000,114.895000000000,120.450000000000,126.702000000000,121.008000000000,115.913000000000,134.327000000000
Ene 2023,127.336000000000,142.455000000000,116.933000000000,115.302000000000,121.715000000000,127.778000000000,121.477000000000,115.876000000000,136.243000000000
Feb 2023,128.046000000000,143.060000000000,117.925000000000,115.996000000000,122.134000000000,128.476000000000,122.106000000000,116.722000000000,137.388000000000
Mar 2023,128.389000000000,143.237000000000,118.627000000000,115.751000000000,121.940000000000,129.360000000000,123.106000000000,117.316000000000,138.177000000000
Abr 2023,128.363000000000,143.745000000000,119.049000000000,113.934000000000,122.228000000000,130.267000000000,123.423000000000,117.557000000000,138.921000000000
May 2023,128.084000000000,144.081000000000,119.095000000000,111.707000000000,121.353000000000,131.120000000000,123.648000000000,117.536000000000,139.708000000000
Jun 2023,128.214000000000,144.370000000000,119.097000000000,111.199000000000,121.584000000000,131.658000000000,123.960000000000,117.652000000000,140.383000000000
Jul 2023,128.832000000000,145.645000000000,119.245000000000,111.123000000000,121.868000000000,132.272000000000,124.602000000000,118.137000000000,141.034000000000
Ago 2023,129.545000000000,146.666000000000,119.752000000000,111.941000000000,121.587000000000,133.129000000000,124.834000000000,118.817000000000,141.765000000000
Sep 2023,130.120000000000,147.344000000000,120.494000000000,112.441000000000,121.858000000000,133.633000000000,125.145000000000,120.285000000000,141.719000000000
Oct 2023,130.609000000000,146.745000000000,120.806000000000,114.599000000000,122.054000000000,133.820000000000,125.611000000000,120.783000000000,142.293000000000
Nov 2023,131.445000000000,147.600000000000,120.853000000000,116.902000000000,120.777000000000,134.073000000000,125.815000000000,120.720000000000,143.376000000000
Dic 2023,132.373000000000,149.583000000000,120.950000000000,117.198000000000,121.026000000000,134.499000000000,126.383000000000,121.238000000000,144.500000000000
Ene 2024,133.555000000000,152.385000000000,120.664000000000,117.939000000000,121.366000000000,135.692000000000,126.025000000000,121.354000000000,146.101000000000
Feb 2024,133.681000000000,150.340000000000,121.742000000000,119.290000000000,121.830000000000,136.068000000000,127.318000000000,122.150000000000,147.247000000000
Mar 2024,134.065000000000,150.369000000000,122.219000000000,119.448000000000,121.460000000000,136.663000000000,128.562000000000,122.655000000000,148.172000000000
Abr 2024,134.336000000000,151.857000000000,122.338000000000,117.992000000000,121.576000000000,137.500000000000,128.690000000000,122.587000000000,148.952000000000
May 2024,134.087000000000,152.445000000000,121.907000000000,115.695000000000,120.553000000000,138.046000000000,129.174000000000,122.640000000000,149.465000000000
Jun 2024,134.594000000000,153.393000000000,122.350000000000,115.980000000000,120.942000000000,138.432000000000,129.608000000000,122.524000000000,149.970000000000
Jul 2024,136.003000000000,156.234000000000,122.192000000000,117.099000000000,121.074000000000,138.790000000000,130.721000000000,123.177000000000,150.766000000000
Ago 2024,136.013000000000,155.259000000000,122.672000000000,117.394000000000,121.077000000000,138.973000000000,130.854000000000,123.710000000000,151.616000000000
Sep 2024,136.080000000000,154.357000000000,123.354000000000,117.669000000000,121.451000000000,139.395000000000,131.002000000000,124.835000000000,151.674000000000
Oct 2024,136.828000000000,155.694000000000,123.223000000000,118.711000000000,121.559000000000,139.647000000000,131.196000000000,125.080000000000,152.526000000000
Nov 2024,137.424000000000,156.290000000000,122.102000000000,120.567000000000,120.311000000000,139.239000000000,131.411000000000,124.835000000000,153.719000000000
Dic 2024,137.949000000000,156.332000000000,122.695000000000,120.934000000000,120.456000000000,140.004000000000,132.524000000000,125.374000000000,155.057000000000
Ene 2025,138.343000000000,156.201000000000,122.859000000000,121.505000000000,121.662000000000,141.343000000000,131.991000000000,125.455000000000,156.867000000000
Feb 2025,138.726000000000,155.750000000000,123.767000000000,121.971000000000,122.121000000000,141.951000000000,132.421000000000,126.259000000000,158.326000000000
Mar 2025,139.161000000000,156.639000000000,124.246000000000,122.292000000000,122.131000000000,142.515000000000,132.063000000000,126.696000000000,159.233000000000
Abr 2025,139.620000000000,158.128000000000,124.580000000000,121.587000000000,122.968000000000,144.030000000000,132.259000000000,126.763000000000,159.958000000000
May 2025,140.012000000000,160.430000000000,124.448000000000,120.512000000000,123.213000000000,144.848000000000,132.067000000000,126.912000000000,160.773000000000
Jun 2025,140.405000000000,160.775000000000,125.083000000000,120.732000000000,123.570000000000,145.571000000000,132.288000000000,127.161000000000,161.809000000000
Jul 2025,140.780000000000,161.291000000000,125.220000000000,121.021000000000,123.161000000000,146.049000000000,132.657000000000,127.524000000000,162.591000000000
Ago 2025,140.867000000000,160.956000000000,125.260000000000,121.293000000000,123.344000000000,146.522000000000,132.374000000000,127.729000000000,163.387000000000
Sep 2025,141.197000000000,161.115000000000,125.852000000000,121.454000000000,123.515000000000,147.227000000000,132.396000000000,129.480000000000,163.364000000000
Oct 2025,141.708000000000,160.860000000000,126.086000000000,122.778000000000,123.624000000000,147.350000000000,132.924000000000,129.929000000000,164.249000000000
Nov 2025,142.645000000000,161.756000000000,125.519000000000,124.468000000000,123.378000000000,147.599000000000,133.974000000000,129.881000000000,165.882000000000
Dic 2025,143.042000000000,161.947000000000,126.258000000000,124.672000000000,123.413000000000,147.677000000000,134.866000000000,130.327000000000,167.011000000000
Ene 2026,143.588000000000,163.117000000000,126.320000000000,125.045000000000,123.343000000000,148.940000000000,134.075000000000,130.457000000000,168.913000000000
Feb 2026,144.307000000000,164.439000000000,127.159000000000,125.322000000000,123.950000000000,149.516000000000,134.374000000000,131.161000000000,170.142000000000