"Instituto Nacional de Estadística y Geografía",
"Índice Nacional de Precios al Consumidor, clasificación objeto del gasto",

"Título"," Índice Nacional de Precios al Consumidor. Base segunda quincena Julio 2018. Actualización de Canasta y Ponderadores 2024 (mensual), Resumen, Principales índices, Precios al Consumidor (INPC)"," Índice Nacional de Precios al Consumidor. Base segunda quincena Julio 2018. Actualización de Canasta y Ponderadores 2024 (mensual), Nacional, Índice de precios al consumidor, por objeto del gasto, Índice general, 1. Alimentos, bebidas y tabaco"," Índice Nacional de Precios al Consumidor. Base segunda quincena Julio 2018. Actualización de Canasta y Ponderadores 2024 (mensual), Nacional, Índice de precios al consumidor, por objeto del gasto, Índice general, 2. Ropa, calzado y accesorios"," Índice Nacional de Precios al Consumidor. Base segunda quincena Julio 2018. Actualización de Canasta y Ponderadores 2024 (mensual), Nacional, Índice de precios al consumidor, por objeto del gasto, Índice general, 3. Vivienda"," Índice Nacional de Precios al Consumidor. Base segunda quincena Julio 2018. Actualización de Canasta y Ponderadores 2024 (mensual), Nacional, Índice de precios al consumidor, por objeto del gasto, Índice general, 4. Muebles, aparatos y accesorios domésticos"," Índice Nacional de Precios al Consumidor. Base segunda quincena Julio 2018. Actualización de Canasta y Ponderadores 2024 (mensual), Nacional, Índice de precios al consumidor, por objeto del gasto, Índice general, 5. Salud y cuidado personal"," Índice Nacional de Precios al Consumidor. Base segunda quincena Julio 2018. Actualización de Canasta y Ponderadores 2024 (mensual), Nacional, Índice de precios al consumidor, por objeto del gasto, Índice general, 6. Transporte"," Índice Nacional de Precios al Consumidor. Base segunda quincena Julio 2018. Actualización de Canasta y Ponderadores 2024 (mensual), Nacional, Índice de precios al consumidor, por objeto del gasto, Índice general, 7. Educación y esparcimiento"," Índice Nacional de Precios al Consumidor. Base segunda quincena Julio 2018. Actualización de Canasta y Ponderadores 2024 (mensual), Nacional, Índice de precios al consumidor, por objeto del gasto, Índice general, 8. Otros servicios",
"Periodo disponible","Ene 1970-Feb 2026","Ene 1970-Feb 2026","Ene 1970-Feb 2026","Ene 1970-Feb 2026","Ene 1970-Feb 2026","Ene 1970-Feb 2026","Ene 1970-Feb 2026","Ene 1970-Feb 2026","Ene 1970-Feb 2026",
"Periodicidad","Mensual","Mensual","Mensual","Mensual","Mensual","Mensual","Mensual","Mensual","Mensual",
"Cifra","Índices","Índices","Índices","Índices","Índices","Índices","Índices","Índices","Índices",
"Unidad","Sin Unidad","Sin Unidad","Sin Unidad","Sin Unidad","Sin Unidad","Sin Unidad","Sin Unidad","Sin Unidad","Sin Unidad",
"Base","Índice base segunda quincena de julio 2018 = 100","Índice base segunda quincena de julio 2018 = 100","Índice base segunda quincena de julio 2018 = 100","Índice base segunda quincena de julio 2018 = 100","Índice base segunda quincena de julio 2018 = 100","Índice base segunda quincena de julio 2018 = 100","Índice base segunda quincena de julio 2018 = 100","Índice base segunda quincena de julio 2018 = 100","Índice base segunda quincena de julio 2018 = 100",
"Aviso","Las desagregaciones del INPC solo tienen valor informativo.Las desagregaciones del INPC solo tienen valor informativo.
  ","Las desagregaciones del INPC solo tienen valor informativo.Las desagregaciones del INPC solo tienen valor informativo.
  ","Las desagregaciones del INPC solo tienen valor informativo.Las desagregaciones del INPC solo tienen valor informativo.
  ","Las desagregaciones del INPC solo tienen valor informativo.Las desagregaciones del INPC solo tienen valor informativo.
  ","Las desagregaciones del INPC solo tienen valor informativo.Las desagregaciones del INPC solo tienen valor informativo.
  ","Las desagregaciones del INPC solo tienen valor informativo.Las desagregaciones del INPC solo tienen valor informativo.
  ","Las desagregaciones del INPC solo tienen valor informativo.Las desagregaciones del INPC solo tienen valor informativo.
  ","Las desagregaciones del INPC solo tienen valor informativo.Las desagregaciones del INPC solo tienen valor informativo.
  ","Las desagregaciones del INPC solo tienen valor informativo.Las desagregaciones del INPC solo tienen valor informativo.
  ",
"Tipo de información","Índices","Índices","Índices","Índices","Índices","Índices","Índices","Índices","Índices",
"Fecha"," 865541 "," 865587 "," 865758 "," 865815 "," 865840 "," 865895 "," 865951 "," 865987 "," 866034 ",
"Ene 1990","7.77603730172787","6.83794496726369","12.6671993257947","9.08009384023493","12.5023512114157","6.8021796389417","5.76136314525592","6.22729786190621","6.85113566670175",
"Feb 1990","7.95211985377577","7.03468448575239","12.8865698190526","9.28718641665749","12.651315910715","6.96910550767574","5.83818512596014","6.33441882968595","7.02392117919745",
"Mar 1990","8.09230991966013","7.19486455422224","13.0599963572327","9.50274925790446","12.7515358171236","7.05735284797923","5.88852109976586","6.39736505328287","7.15178228160867",
"Abr 1990","8.21547154939074","7.27752760937635","13.2446180456126","9.71777747785577","12.8510356833083","7.16120171340628","5.96939704011444","6.57247320272621","7.27252137127035",
"May 1990","8.35883767567237","7.36924978732952","13.398157114569","9.92413715012262","12.9995625236112","7.33701091659387","6.09014716151685","6.71312721505049","7.47304769795889",
"Jun 1990","8.54293858947202","7.47065663189632","13.5729763898722","10.2262863235481","13.2175538146034","7.58999510936702","6.33914101589593","6.85094230526127","7.59757474400806",
"Jul 1990","8.69873483372649","7.60728683740049","13.7442318989241","10.4898731930596","13.454075441998","7.74920440243565","6.41978238096915","6.95417188417048","7.73742807830176",
"Ago 1990","8.84695044160481","7.75220216430486","14.0083399823811","10.7346590908693","13.6764356223931","7.88703932676949","6.44568428342603","7.06314072483742","7.85780430634485",
"Sep 1990","8.9730613687053","7.81193524299517","14.203390818698","10.9779325092337","13.8099583812919","7.99918416941115","6.49392650385082","7.40353215318463","7.97796054329605",
"Oct 1990","9.10205988764724","7.90752970004389","14.2974640948473","11.2384360987072","13.9922940416937","8.11222530443526","6.60853123694552","7.46476902407895","8.08266658321295",
"Nov 1990","9.34372310267594","8.09288355984709","14.5459161736666","11.6036096535639","14.2074713323687","8.25319591263017","6.92631812542514","7.56915674137285","8.28998745106355",
"Dic 1990","9.63821395386141","8.36225016311791","14.8447054719183","11.9818725327579","14.4135916833503","8.43278782459381","7.2034353687085","7.80933602265645","8.58367895236926",
"Ene 1991","9.88387989480137","8.57064165927521","15.0956091758159","12.4515682923061","14.6304153349445","8.63474718649472","7.32287210600748","8.08366954450951","8.78438607305761",
"Feb 1991","10.0564247219094","8.66149010951898","15.3037169217789","12.8095449424892","14.8664835322654","8.86915725110636","7.42546825158799","8.2380855035494","9.00015524071491",
"Mar 1991","10.1998396437894","8.73149714096822","15.5226716389194","13.1527720346584","15.0649636673819","9.00569016991899","7.53425158976323","8.35747612139006","9.12053273317992",
"Abr 1991","10.3066875511982","8.84522570243631","15.7307322870521","13.2965116966573","15.2700000652597","9.09345886992428","7.58133487308854","8.43418857629647","9.14979833493898",
"May 1991","10.4074416711108","8.96457513655227","15.8817971915553","13.4083766088916","15.4259880870409","9.16766788080196","7.65504700027263","8.49882273463501","9.15499349221599",
"Jun 1991","10.5166475834763","9.1070109299592","16.0310249160972","13.5335952419934","15.5487627735248","9.2551356121775","7.68308678060158","8.59149058798794","9.1952664098382",
"Jul 1991","10.609584269262","9.18438062382213","16.1506467324112","13.6632657636835","15.707448025739","9.34414665002721","7.71427009351269","8.75959138106809","9.27381711540086",
"Ago 1991","10.6834229773116","9.21092223438886","16.3647760250913","13.7839314186363","15.8515612114391","9.4241696089151","7.7508997138265","8.85833123126228","9.38259053064694",
"Sep 1991","10.7898503743119","9.23872514659992","16.6041712148649","13.9220216506797","16.0313903508016","9.50325518184484","7.80742287571285","9.26166031401788","9.50182885676587",
"Oct 1991","10.915342738584","9.32762101898447","16.836412238516","14.1077995983944","16.2407800736071","9.5734454759624","7.92424677505276","9.42217968524574","9.57034325843824",
"Nov 1991","11.1863740967847","9.45489406506394","16.6105245496055","14.3997152582421","16.0344164690948","9.66796684129574","8.88344044545478","9.53263510476401","9.66437829584004",
"Dic 1991","11.4496798668257","9.65926142681661","16.5848449305277","14.8435725585842","16.130382301344","9.84465907197074","9.35213769395531","9.68879040866751","9.75514755568443",
"Ene 1992","11.6577784653893","9.81238934310488","16.7918200570852","15.2156280671133","16.3118383410786","10.1331434700845","9.43054596253552","9.98842865964376","9.96910998339112",
"Feb 1992","11.795900435066","9.90004771875338","17.005642127208","15.4306076904153","16.507539514107","10.2642336847793","9.54368518472567","10.1186451896259","10.1284138756649",
"Mar 1992","11.9159477202904","9.99352641550039","17.2149500896725","15.6004890802984","16.6744273833987","10.3483668454521","9.66676827970479","10.191844688074","10.2143748592775",
"Abr 1992","12.0221713196406","10.0665546651119","17.4710560777948","15.6972972695781","16.8639615045979","10.4672444641968","9.74307466516431","10.2785076648868","10.3617560582993",
"May 1992","12.1014378917723","10.0539598379491","17.6939801016937","15.8140884191889","17.1052743225198","10.7335377526813","9.7986258514026","10.3344251191703","10.5234368990114",
"Jun 1992","12.1833451921855","10.0707499197072","17.8680354218564","15.9741134445213","17.2690679649069","10.8825643522611","9.87986294450538","10.3779601007524","10.6278420294059",
"Jul 1992","12.2602724145201","10.0961050327418","17.963519859228","16.1211891072265","17.314856702755","10.9871079767446","9.95629242262507","10.4966067175741","10.7275766964048",
"Ago 1992","12.3355922314014","10.1053126047876","18.1487600939784","16.2648918355123","17.495092572163","11.0869434346168","10.0205530612032","10.6467585731347","10.7944512572743",
"Sep 1992","12.4428965245267","10.1396871727199","18.2875893914379","16.387639573557","17.5203231806929","11.1911701736786","10.0511290315256","11.3092868980033","10.8575201644419",
"Oct 1992","12.5324935377915","10.1997908200528","18.4206429300419","16.5412297654073","17.5517947871676","11.2866713553172","10.1145419472169","11.4661790669459","10.9197166753822",
"Nov 1992","12.6366203406883","10.2675325079892","18.6104873878884","16.6981151409138","17.6960072236362","11.3558407287306","10.1913279331704","11.6336001128878","11.010857647802",
"Dic 1992","12.8165534814412","10.4877958249433","18.7677561241189","16.8545067250969","17.894646939197","11.5004707433278","10.2956230048291","11.7961001643948","11.1379525608646",
"Ene 1993","12.9773197638673","10.5971716108561","18.7628426243317","17.1828598438175","18.046415905238","11.6619326981833","10.431989747444","12.0039973523515","11.2916453285054",
"Feb 1993","13.0833453107992","10.619566698102","18.9754378583543","17.3763459722429","18.0643274002228","11.7862556675302","10.5415279055745","12.195413625088","11.4484951425799",
"Mar 1993","13.1595936894285","10.5877271903878","19.1406861575555","17.5232252840667","18.28522998766","11.9086203248031","10.645478079445","12.4132799065376","11.5477708564618",
"Abr 1993","13.2354804035143","10.6309489632324","19.1907898928903","17.5968855924154","18.387205239331","12.0136505398622","10.7496128990769","12.5328047599682","11.6197849446238",
"May 1993","13.3111374897297","10.7195807929009","19.2919825130538","17.6730323485579","18.389336165878","12.0945180845586","10.8121107427856","12.5634046313453","11.6630707737304",
"Jun 1993","13.3857971232443","10.777407761248","19.4458185549368","17.7822844462033","18.4110366299406","12.2000508069858","10.8642199523751","12.619697651622","11.7255454391897",
"Jul 1993","13.4501234404208","10.8245584738746","19.2933342867017","17.8994721809159","18.5686573895974","12.290511025212","10.9138429105132","12.7349369836131","11.8093216527634",
"Ago 1993","13.5221121948547","10.8476833712703","19.6508848172041","18.0057518125826","18.5841479912683","12.3552175162243","10.9508034893392","12.8363786639341","11.9049674538525",
"Sep 1993","13.6222606722309","10.8798685170912","19.733078853821","18.099832489876","18.669385218252","12.4350614883198","11.0071350448537","13.3873648357948","12.00757469985",
"Oct 1993","13.677973025024","10.8487542795022","19.7754283147834","18.2642569173479","18.7648898282834","12.5489100717743","11.0883314937706","13.4778235272377","12.1211437379088",
"Nov 1993","13.7383023563383","10.854019312534","19.944236293002","18.4358821263701","18.8612507089682","12.5465752120143","11.1492186694116","13.5261252829148","12.2028742541049",
"Dic 1993","13.8430548971257","10.9848450682696","20.0158680556458","18.5777866041681","18.9574267111582","12.5681471416434","11.1737409942568","13.660128953327","12.2927938773256",
"Ene 1994","13.9503749805667","11.1043123554455","19.8943517119079","18.7522754100103","19.0023728080004","12.6437324057373","11.2460503237387","13.8449434328653","12.3693191162684",
"Feb 1994","14.022124062044","11.0730734651805","20.1534910022479","18.9436619577072","19.0531512313088","12.7937812573825","11.3345255487404","13.974722984335","12.4393267041448",
"Mar 1994","14.0942247629785","11.0964726026324","20.2225769231205","19.1220971978764","19.1273445948136","12.9514392828756","11.4367361568603","14.0445965902108","12.4181617090436",
"Abr 1994","14.1632513049319","11.1449922726245","20.3123798183305","19.1995620210202","19.1120233005578","13.0875876983125","11.5096028903887","14.0516153671484","12.5280780793048",
"May 1994","14.231682244253","11.2028872329612","20.427280662489","19.2879718873836","19.204782032091","13.1593518065399","11.5731040640905","14.081862513679","12.5770129657139",
"Jun 1994","14.3028945689645","11.2522330375205","20.5100584233691","19.4000001001271","19.4773679615545","13.2466127007958","11.6345916126827","14.1057063665057","12.6155474175926",
"Jul 1994","14.3663267698675","11.3286689369273","20.4203825128281","19.4952996997619","19.5257274329822","13.3418990896241","11.6648795888825","14.1540509631155","12.6827279456742",
"Ago 1994","14.4332866454444","11.3843450170981","20.6147595094432","19.5999093926358","19.6764299650329","13.4068177215506","11.6887632213088","14.1849949901499","12.7195631289016",
"Sep 1994","14.5359366445482","11.4819430428711","20.6418912672391","19.6623952629709","19.6941585295596","13.4872463989881","11.728449276296","14.6474046151975","12.7699621198016",
"Oct 1994","14.6122453040552","11.5482251146769","20.7631741268803","19.8315923453485","19.7380128877585","13.5538595009129","11.7564112530717","14.688549073753","12.8253704070933",
"Nov 1994","14.690360856448","11.6248638644262","20.8477808792326","19.9204182393499","19.8793432152992","13.6346859357987","11.8291490844036","14.7443679923887","12.8535183376852",
"Dic 1994","14.8192043681591","11.7467812187068","20.9690821699842","20.0716250243274","20.035938403492","13.7975400498383","11.9489249099539","14.8410343394493","12.9218152725114",
"Ene 1995","15.3769909442995","12.2578599747921","21.2951609315554","20.685987756011","20.8067378666005","14.2500135088433","12.5597104324474","15.3822613378844","13.3294209761808",
"Feb 1995","16.0287073487094","12.8856749112751","22.1063895487799","21.3157454746028","22.2851756177855","15.1728199067319","12.9283639848411","15.8411879936223","13.8692168700217",
"Mar 1995","16.9736172029501","13.5219551485556","22.9680639389968","22.2086895878039","23.7168301952108","15.8995299399952","14.7310573247503","16.2522755797629","14.3803755386153",
"Abr 1995","18.3261332553113","14.4407747711112","24.4226143916816","24.0981765856358","25.941171526338","17.0925091239628","16.4841532603564","16.918666729539","15.361690441678",
"May 1995","19.0920901909918","15.2620224365619","25.2046569710405","24.7525071828805","27.5415491085388","18.0858120992163","17.0469462370789","17.4676879262896","15.80939205304",
"Jun 1995","19.698024268685","15.9485392030665","26.2117290604644","25.3668290910524","28.6255019683723","18.8324102051086","17.2694436210733","17.9572173098014","16.1712452051795",
"Jul 1995","20.099588355294","16.4063681453451","26.7598122183712","25.8753943194555","29.150742318336","19.3256343110591","17.3348225525643","18.3829136639181","16.4473763311333",
"Ago 1995","20.4329812657101","16.714269439101","27.4993967832084","26.2245468945843","29.6862967645832","19.7873026861456","17.4418907096954","18.7943296955368","16.711243392798",
"Sep 1995","20.8556425301303","17.0685202497891","28.1183457085075","26.5511484145667","30.2043367123166","20.3257390063185","17.5923899874488","20.0735607994989","16.9426170032182",
"Oct 1995","21.2847621166146","17.5637461121274","28.8995075836672","27.0684618992385","30.7904885994503","20.7614202981039","17.7556631226148","20.3198963262782","17.2173573565774",
"Nov 1995","21.8096083843478","18.2547958377543","29.5946474369869","27.6367096607434","31.4618777201708","21.2397946483533","17.9910504960728","20.562661773686","17.4966493268296",
"Dic 1995","22.5201672711919","18.9984278975445","30.372737100586","28.455740738465","32.5664587659692","21.8014337172211","18.6211500870748","20.8538375047945","18.0356360455601",
"Ene 1996","23.3297537612935","19.7150888453423","30.9910715807689","29.4987271456515","33.6227776364702","22.5693783523457","19.4790888655255","21.3326566501904","18.6679308094351",
"Feb 1996","23.8742620287622","20.2267466860637","31.9356752960217","30.1805078197452","34.443818413123","23.1092731291213","19.848137249736","21.6655309155797","19.0952766008063",
"Mar 1996","24.3998258803534","20.7135865708972","33.0904185259748","30.7695569890203","35.3493179948968","23.6534106916932","20.2584103539563","21.8761656436284","19.4449921216927",
"Abr 1996","25.0934496172036","21.5583036337182","33.9012784789342","31.4054579288909","35.8975217964135","24.0996989587949","20.9351925959593","22.1213587422029","20.0152079567067",
"May 1996","25.5508423029622","22.12175053815","34.5765513412627","31.7861042278807","36.6039399141627","24.5691899745915","21.2073919017468","22.3502722814466","20.358348927523",
"Jun 1996","25.9669017285474","22.5008193047266","35.3609902453583","32.2989463749653","37.3512251863071","25.0801807548607","21.4510242219149","22.5857547653322","20.6740537915342",
"Jul 1996","26.3360306880634","22.7865090966963","35.7999073685081","32.8318123123534","38.1070731055448","25.4162891211372","21.7574806948688","22.8457994005079","20.9664948619275",
"Ago 1996","26.6860717149303","23.0541803777159","36.4114829734424","33.2983859132517","38.9176051804483","25.8075537298316","21.9819522244033","23.1898123183493","21.1579154305836",
"Sep 1996","27.1127514903968","23.3298976554462","37.02428746861","33.6700895499902","39.5158226130576","26.1705772783157","22.2332488536022","24.6422637043094","21.4109091959549",
"Oct 1996","27.4511675396208","23.5837434080145","37.580358391997","34.3592576384774","40.0264675530949","26.4600149737671","22.4413466217655","24.7619327907164","21.6034676711334",
"Nov 1996","27.8670834484337","23.9787908549779","38.3723754268216","35.0254858598539","40.6291609114149","26.6634036268186","22.7287584361353","24.8983098507897","21.8754264884991",
"Dic 1996","28.7593364537036","24.5305653912319","39.0732500825327","35.8532651938451","41.283424737949","27.1827474000816","24.8559542270244","25.0636759601738","22.4467802254379",
"Ene 1997","29.4988860288599","25.421178672988","39.7722814099045","36.5196878212033","42.0801398181858","28.0128753980276","25.3874628626779","25.4228260191619","23.1353379709181",
"Feb 1997","29.9945980915094","25.7644370562403","40.5456603439703","37.1565607845225","42.8575889507168","28.5436216615019","25.9283777023446","25.7144301646058","23.5777293671702",
"Mar 1997","30.3678890736628","25.9417891064134","41.3149429866079","37.6787344058217","43.4575578325172","28.9442999569344","26.4325967281893","25.8997887224828","23.8737105809696",
"Abr 1997","30.6959718117285","26.1546115716248","42.0444916542717","37.9672324179397","43.941736416016","29.3082516151497","26.8967522913265","26.0361657825553","24.1987715356434",
"May 1997","30.976119445603","26.3143984046765","42.6712235206648","38.2699220408996","44.6839619460527","29.7341214681627","27.114024008431","26.2025315153665","24.5584753169707",
"Jun 1997","31.2509569123077","26.4367883218377","43.1824400977831","38.7654620878901","45.2311927268449","30.1298940360897","27.3067931449891","26.400171148889","24.8277790267821",
"Jul 1997","31.5232110408611","26.6157269087462","43.524684856804","39.2263979217702","45.4438965866736","30.4221160607349","27.5937404537299","26.6336543859204","24.9753271157558",
"Ago 1997","31.8035021966878","26.8550671879528","44.0746113500595","39.5940190393473","45.8414757049289","30.7001512659749","27.8082251505995","26.876134228782","25.1042894564425",
"Sep 1997","32.1996125889942","27.1509561410759","44.5145525390555","39.98982897909","46.162574842157","31.0290999278366","27.9508278597355","28.3935610773527","25.2924227477642",
"Oct 1997","32.4569408230776","27.2105645629211","45.0325279984318","40.651002651395","46.6586243656649","31.290959499372","28.1016755110681","28.5516442232146","25.5661516368336",
"Nov 1997","32.8200420108443","27.4427654289032","45.5437445755502","41.5448799094328","47.2044929081973","31.5731049009847","28.2918898779497","28.6895921158059","25.7756522216322",
"Dic 1997","33.2798745076214","27.7935031978352","46.2548599528209","42.1940004366976","47.7281764144347","31.957209805265","28.7998249352886","28.8686673335872","26.2024922808581",
"Ene 1998","34.00392411086","28.5194567149614","46.6272124103707","42.8991097898671","48.169736387744","32.6406964440171","29.628964468534","29.3951827488136","27.0109091424354",
"Feb 1998","34.5992378438525","29.0968424692173","47.6185138002315","43.5202358944866","48.9016478281001","33.2273944756299","30.0600241263213","29.8828556902496","27.5931361710688",
"Mar 1998","35.0045333976035","29.4389676137313","48.3300387982313","44.0546570797315","49.4562736165876","33.7051058895841","30.3700805077472","30.0906343527963","27.9447481966952",
"Abr 1998","35.3320420634022","29.6897536142017","48.8740256787313","44.3942837746641","49.9507662963707","34.3925701352848","30.5895586164348","30.2947001311922","28.2952223203974",
"May 1998","35.6134813637621","30.0546568798704","49.5705992326484","44.2644207918921","50.5875156243901","34.898655198874","30.7416836571201","30.5754512337418","28.6236969854412",
"Jun 1998","36.0344204113821","30.6504011258696","50.1223690542432","44.6462335203121","51.128129812746","35.269236214632","30.906350304661","30.7559544792626","28.9095635057635",
"Jul 1998","36.3818781104596","31.0340028515686","50.3632307125901","45.0239637360321","51.7351044913103","35.5338801207737","31.2132712832445","30.9143232346815","29.1722926655041",
"Ago 1998","36.731632103784","31.297707788666","51.0843819870334","45.3694226039647","52.2196722923435","36.0314796019452","31.4869802289424","31.3138865999779","29.4748484247768",
"Sep 1998","37.3273763870906","31.8306705435184","51.7555585649439","45.8972339922821","52.9424372692094","36.6082335999494","31.7689341213504","33.074935714605","29.6586829790716",
"Oct 1998","37.8622689272582","32.4490795851318","52.2745580901664","46.7168482879496","53.8709003025371","37.0557151502176","31.9779608962582","33.3084189516365","29.9350669710984",
"Nov 1998","38.5327862255935","32.9899750153221","52.9711316510946","47.6019772897196","54.7252186204243","37.6064820703331","32.9149814703584","33.5369040765455","30.2496339331854",
"Dic 1998","39.4729743246935","33.9145854967532","53.9169642495697","48.1441746948616","55.5417834713663","38.4077060771851","34.5185651987247","33.8129426715172","30.988385842346",
"Ene 1999","40.4697702805404","35.3483606903453","54.5711412376838","48.781436470145","56.5196763127855","39.3738684644212","35.1868702434591","34.3391724771867","31.832077700357",
"Feb 1999","41.013642812364","35.4544319504954","55.5073475667264","49.4136437028176","57.7190302533855","40.2268014427905","35.9131221521826","34.9763603780015","32.588151022845",
"Mar 1999","41.3946837830669","35.2369632006206","56.4707942001141","50.2526985643819","58.8043453580819","41.1953504017729","36.4090962358313","35.37421010099","33.0233356992467",
"Abr 1999","41.7745766092366","35.3930103450009","57.3207736969517","50.6547294826264","59.7656967217118","41.826465116476","36.7948667595058","35.6303990522487","33.5313461723642",
"May 1999","42.0258770767504","35.6383567945239","58.0193953965833","50.3069377429094","60.4839857728677","42.5318286313317","37.0805366788939","35.8334652072176","34.0356900644405",
"Jun 1999","42.3020062047591","35.7764987451586","58.4796132043116","50.7284092270508","61.1224865500783","43.097975659432","37.2496161141158","36.0263923381737","34.2891895665552",
"Jul 1999","42.581579771548","35.9403652435046","58.6164291851759","51.2585534871526","61.427822644586","43.4112790344611","37.5502662915286","36.2254600044465","34.5134828901618",
"Ago 1999","42.8212552562384","35.9864881093544","59.1804878670329","51.6391997796808","61.8870917218748","43.7888871706226","37.7439644348318","36.5686161036393","34.8132571134409",
"Sep 1999","43.2350183927565","36.0175388824727","59.6486934332312","52.1131607949726","62.1932062382461","44.3987879509295","37.9903837752349","38.7003823340189","35.1199851858993",
"Oct 1999","43.508851226519","36.0875731123852","60.2018969554233","52.6992938874405","62.8122464622859","44.8135204817549","38.1853593033768","38.8307616585419","35.4092654165924",
"Nov 1999","43.8957764470198","36.1993105745658","60.8087618308243","53.7644425378101","63.3505253850527","45.3272955966295","38.4413009753292","38.9968417868076","35.6527766582663",
"Dic 1999","44.335516388566","36.5765661533233","61.3998560066614","54.4547770621908","63.6910850820547","45.7599273857859","38.7556540168998","39.2069052957424","36.1803843439606",
"Ene 2000","44.9308301163779","37.0750784105043","61.9419995518127","55.0597674961473","64.1178550333688","46.3560391041352","39.4302298628049","39.7838302415236","36.910285899202",
"Feb 2000","45.3293803145216","37.1633578024493","62.7731361305154","55.6373467318666","64.8077316733286","46.9109162260357","39.9321263695309","40.175682233974","37.397181949513",
"Mar 2000","45.5806807820354","37.237245050743","63.3185567046026","56.0879790680827","65.2652492948233","47.4021515285114","40.1736684211375","40.2633634007889","37.6155328928283",
"Abr 2000","45.8400182716419","37.4736389033929","63.6808732649798","56.3982505178819","65.5293290174004","47.7357407390294","40.3736373656114","40.4495787823246","37.8448835608749",
"May 2000","46.0113790737289","37.773607521811","64.0902971206949","56.1560210519512","65.677423829608","48.0528891424081","40.5233237596418","40.6289396046513","38.0120288670244",
"Jun 2000","46.2839202410061","38.1140328040477","64.3604472291005","56.5242253874742","65.7706398872871","48.2737792963424","40.6461850540064","40.7767409217213","38.289930064682",
"Jul 2000","46.4644662097181","38.1908664705599","64.3876875334464","56.8815430073882","65.8163721849284","48.5870826767839","40.7950585643137","40.9839483701655","38.58692274737",
"Ago 2000","46.7197851882783","38.3432872476422","64.9435536394573","57.2699655262751","66.0407523726974","48.7164877085312","40.9903824750637","41.4299227773207","38.8284110512672",
"Sep 2000","47.0610716040147","38.4305467222217","65.2952198575457","57.6539167204978","66.1222920958331","48.8675044429462","41.1262498773993","43.5115650816918","39.0834277544152",
"Oct 2000","47.3851358258534","38.6354365079254","65.6518016155324","58.5380736988182","66.1756140132384","49.1161053048078","41.288710128843","43.7069198688253","39.3338928452677",
"Nov 2000","47.7902878628328","38.7545400260747","66.1775600160035","59.6870111917552","66.4083622426357","49.4991495153447","41.6355784471124","43.9518273628543","39.6339199392173",
"Dic 2000","48.307671180741","39.5249165509432","66.5962005204202","60.1720533286386","66.6792531499088","49.8917399966303","41.8878040875706","44.2185837474497","40.0325652888238",
"Ene 2001","48.5754762479341","39.5829384360531","66.8337851498313","60.7410787205333","66.9172557268788","50.3656063822355","42.0818506089679","44.5985830735794","40.4185672704338",
"Feb 2001","48.5433281595649","38.7723318942798","67.3790009065424","61.2175670071305","67.0266240448128","51.0573134191451","42.25569120545","45.0214233621941","40.8672803506838",
"Mar 2001","48.8508877817244","39.1465277292776","67.6235492285773","61.5496118881478","67.0781945130277","51.5409912543468","42.3440630820905","45.218920190938","41.3500040878084",
"Abr 2001","49.0973086323825","39.6282680314506","67.7687625886407","61.3594831478666","67.1449442141683","51.7457057745779","42.5125618841471","45.4509754002292","41.7543389516332",
"May 2001","49.2099704636254","39.921210562186","67.9602639955718","60.7004479349019","67.234657366862","51.8603936400481","42.6274104868734","45.6219108358397","42.6116856419305",
"Jun 2001","49.3263637671915","39.9531679271286","68.1077303187258","60.8003724481332","67.3611509657755","52.0995808151724","42.7894062326874","45.8109822778667","42.7817389263054",
"Jul 2001","49.1982019640303","39.819558935617","67.8664590256268","60.0795162298035","67.283697964023","52.117745252351","42.899842047732","46.0344692906517","42.9919981093216",
"Ago 2001","49.4896875471858","40.4542866384105","68.3514593782675","59.8322322212628","67.1614856787508","52.382123979645","43.0153874021316","46.4423152428981","43.1492815926645",
"Sep 2001","49.9503811497724","40.806950912364","68.6832585983528","60.4294464353222","67.2852548077485","52.5051648326965","43.1217588030753","48.6180648589584","43.2200844424079",
"Oct 2001","50.1761353677535","41.102159920576","68.8532544963184","60.8948536003279","67.0466684143806","52.6246258362476","43.224065798946","48.6302031298253","43.4132750873653",
"Nov 2001","50.3651489088722","41.0238530387006","69.0828513672595","61.8558008123241","66.9322403543388","52.7532353476868","43.323121259924","48.720740362143","43.6165804212016",
"Dic 2001","50.434898785093","41.0079876796866","69.2841838609983","61.7842595272409","67.0048282194499","52.8701771900677","43.4941748361719","48.8469783931913","43.95339970802",
"Ene 2002","50.9004720097159","41.6091714766332","68.944601692808","61.8231406590329","66.9845892444165","53.1411852803168","44.4075057089346","49.2405440279497","44.4266409214465",
"Feb 2002","50.8677498490805","40.4963298389646","69.6381030351653","63.0014334100281","66.8919570097375","53.5450456623899","44.6612409893033","49.6002652960295","44.9319962824108",
"Mar 2002","51.1279484444964","40.6519236853492","70.0092266094945","63.733565155931","66.5739715533572","53.6528389968812","44.7868893039028","49.8391750595196","45.2956195108522",
"Abr 2002","51.4072349725615","40.9700241402578","70.0977064047884","64.1840030861654","66.578447485671","53.9035612516414","44.9810519528357","49.9338535803005","45.5961523323482",
"May 2002","51.5114292313976","41.1718541780327","70.1056941632584","64.1532869926953","66.3612677001316","54.0551083383402","45.078597778418","50.0081112482759","45.7259997088868",
"Jun 2002","51.7625861769592","41.5888864798683","70.1294526212915","64.5572619642993","66.1536235890137","54.1492451948854","45.1402606784154","50.0926507450433","45.9329716191666",
"Jul 2002","51.9111813533618","41.9187354828333","69.8573424004344","64.6514419671737","65.9796393227886","54.2572656670367","45.200180943132","50.3286995520789","45.9734759950413",
"Ago 2002","52.1085603012643","42.0575627105112","70.3726282848262","64.942207719547","66.2351951938998","54.3184216525966","45.2191398038431","50.6859996434906","46.1661279776984",
"Sep 2002","52.4219835649941","42.0054503878088","70.6229100001027","65.3899869782014","66.0139775793723","54.5083840502222","45.2584117296025","52.2981095930984","46.3891260960492",
"Oct 2002","52.6530360866857","42.1763788062715","70.7112447231409","66.1537316877692","65.925490533561","54.6550501748848","45.3274761507656","52.1888649648685","46.5371784550357",
"Nov 2002","53.0788772813736","42.6387193332828","70.7813516461872","67.3794708705529","65.7775718898177","54.7508431788152","45.434458293351","52.2349682024703","46.642930140027",
"Dic 2002","53.3099298030651","43.2415546822985","70.8037858615623","67.6779903763222","65.6078616601653","54.8385181315652","45.2128201836063","52.3863070911185","46.79833913797",
"Ene 2003","53.5254406753155","43.1677636333527","70.4960164693884","68.2601680271858","65.5431472535276","55.2709396577838","45.4159508340852","52.6995084335202","47.1096169237903",
"Feb 2003","53.6741224549695","43.0368574787253","70.881604546144","68.4889037523857","65.657387991776","55.5491182115714","45.6479711770766","52.9766289812767","47.4342286177185",
"Mar 2003","54.0129304127862","43.6430280163939","71.0947295922049","68.7854848198074","65.7452146864984","55.7672231866224","45.823114937934","53.1475116336907","47.7901060272093",
"Abr 2003","54.1051441994704","43.5875805050393","71.0617793383733","68.8668992304716","65.4526791544518","56.0161767561598","45.875477505613","53.7002493627606","47.9018349813521",
"May 2003","53.9305596707487","43.5917494908554","71.0694910999087","67.8459883665828","65.7412525799696","56.2948965133594","45.7608215384536","53.7428447453274","48.1436844870269",
"Jun 2003","53.9751123991466","43.590081896529","70.5065325078449","68.0133402107265","65.6646518537455","56.6228657810544","45.7585645312261","53.6972426298733","48.3331179401405",
"Jul 2003","54.0533387013335","43.6534504809339","70.0473321618908","68.0889393063433","65.5378644448217","56.8128281786799","45.8068644858957","53.9297633064721","48.5561160584905",
"Ago 2003","54.2154899105024","43.6167634057524","70.488304707853","68.26469105","65.8152119018413","56.9167392337908","45.9508615470129","54.3602272314686","48.8687732141158",
"Sep 2003","54.5382381638973","43.9198486745863","70.5857533308879","68.4675809305454","65.8819073617442","57.0422984253835","46.1643744307385","55.4331297499985","49.0807363740317",
"Oct 2003","54.7382073867067","44.1991707242685","70.7792484384964","68.9353907188086","65.8178533061946","57.0542049004489","46.1869445030143","55.4887543084093","49.152003813917",
"Nov 2003","55.1925416053699","44.5814667236096","70.9404943615028","70.3814657272791","65.7617234637017","57.2365904503053","46.2230566186549","55.4897565527049","49.3478743261176",
"Dic 2003","55.4298107868381","45.1055082407001","71.0316333614637","70.5236178728835","65.7121971320918","57.2214367547685","46.3277817540128","55.7137581527902","49.5492623175348",
"Ene 2004","55.7743173494501","45.6445581067288","70.8766970615305","70.8066298718608","65.8422862964555","57.5077333597366","46.8392195917743","55.7483355809912","49.8977830880698",
"Feb 2004","56.1079447574531","46.0418624550081","71.201993184466","71.161364089756","65.9862428336707","57.7653461838664","47.3041630806484","55.854072354186","50.1856115872181",
"Mar 2004","56.2980709356166","46.0893888933123","71.2819150767393","71.5432364445399","66.0595418044542","57.9396136825424","47.5926086043287","55.9688293260421","50.4109086552421",
"Abr 2004","56.3830319525618","45.8934465599534","71.2699968998215","71.6989576585886","66.03246740984","58.0467719581262","47.9582437751907","56.1943342925707","50.6251707648326",
"May 2004","56.2416029426468","45.8792720081784","71.3513209305554","70.8163220636062","65.9545459814396","58.2437700001081","48.1207482955738","56.2254038657366","50.6798857670664",
"Jun 2004","56.3317445094056","45.7275209244701","71.4024989843796","71.1154877154926","65.961809843409","58.3585051234602","48.359539660248","56.3171092187918","50.8141444280115",
"Jul 2004","56.4793901790965","45.9413898968389","71.3106589151884","71.3823460615599","65.8422862964555","58.4137078714879","48.2638425537998","56.6187847517933","50.9865656535401",
"Ago 2004","56.8280411815599","46.7005622139603","71.6534817688855","71.660188891606","65.9888842380233","58.4732402468117","48.3482546241101","56.8543121612787","51.1051914567033",
"Sep 2004","57.2979170496642","47.4634866183159","71.7179801380881","71.9483700595136","66.0602021555424","58.6518373727846","48.4403405189943","58.0825625456396","51.2688766734717",
"Oct 2004","57.6947471653946","48.3114583333219","71.8371619072678","72.3748264963277","66.3811327843795","58.7070401208122","48.6028450393774","58.1256590503541","51.4624482359984",
"Nov 2004","58.1868993976974","48.7529539312524","71.9374148072238","73.8202553586819","66.5310324813871","58.8585770761831","48.7229178238824","58.1592342342596","51.6808484550013",
"Dic 2004","58.3070881533761","48.7892241078527","71.8392651149586","74.0812983897018","66.5541447694726","58.8748131785439","48.819969134667","58.3727122692403","51.886374555831",
"Ene 2005","58.3091603733014","48.1321919432269","71.790190268826","74.3643103886782","66.8063988851423","59.1232255446692","49.0583090978953","58.6322935418229","52.2992659172301",
"Feb 2005","58.5034309913156","48.3581509744622","71.8694110918691","74.4192328085709","67.0104473713784","59.5442817992352","49.2537659238009","58.757072956635","52.6634195455463",
"Mar 2005","58.7671209768338","48.7813030348023","71.9801800302823","74.5678464153398","67.1748747923258","59.8359904383235","49.4383891150139","59.0442159473492","52.8588302678121",
"Abr 2005","58.9764151893082","49.4304141263771","72.0755254456256","74.3261877678117","67.2547772739914","60.0611310577309","49.6934309317264","59.0161531070699","53.0634367887722",
"May 2005","58.8282514646358","49.8331381562176","72.1428280917501","72.8258364855647","67.3743008209449","60.2667883543053","49.7850654251647","59.07177766548","53.2004541893253",
"Jun 2005","58.771783471666","49.2278014157123","72.1554473378982","73.0267879277607","67.5400489440685","60.372323019653","49.8771513200482","59.3228398615491","53.3627600362894",
"Jul 2005","59.0017998833952","49.6226043725018","71.9808810995126","73.2387238539353","67.4905226124578","60.4486327007504","49.9999325132267","59.647065891203","53.6064487017033",
"Ago 2005","59.0722553608615","49.5750779341976","72.2578034455466","73.4338599810838","67.3881681937957","60.5455081115049","50.0234053883937","59.783371115416","53.6928892094351",
"Sep 2005","59.3090064873482","49.6134326037062","72.4106365377873","73.6684110213312","67.4297703123489","60.7944616810423","50.0893099994374","60.9259296124956","53.7167982860418",
"Oct 2005","59.4545799371139","49.3853890795625","72.498270191596","74.3817563338205","67.5486335082143","60.9465398398251","50.2445920966925","60.9524890863316","53.8607125356159",
"Nov 2005","59.8824933517271","49.1677680199595","72.6384840376887","76.4184088926678","67.7044763650159","61.0152726731542","50.3551854508426","61.03417199643","54.0464676692519",
"Dic 2005","60.2503123885007","49.8844166817561","72.7464486991801","76.7485895581408","67.8002272727959","61.1559855602837","50.5276208030265","61.3433643616488","54.2009570873254",
"Ene 2006","60.6036258857962","50.5314432804231","72.7997299606959","77.2254453920334","67.913807659957","61.3432419408491","50.7971074659957","61.2576724743676","54.4142996170457",
"Feb 2006","60.6963577274618","50.5798035158906","72.8943743068081","77.2293222687313","68.0630470058766","61.5894894933263","50.8539840481298","61.4170293173815","54.6772994597185",
"Mar 2006","60.7725118097234","50.1616542385298","72.9785026144638","77.5181495827561","68.181910201742","62.0343586980216","51.0372530350063","61.7387497362959","54.9646681689327",
"Abr 2006","60.8616172665192","50.0545113030548","73.0394956375143","77.3062136565814","68.1251200081618","62.3883057294938","51.5419198510851","62.0740004532021","55.1839879678052",
"May 2006","60.5906745112619","50.2258566200987","73.0528159528934","75.8582002097615","68.0240862916768","62.5192769552076","51.5288292091648","61.8354663108294","55.3214651582931",
"Jun 2006","60.6429980643804","49.9411148888559","73.0338870836705","76.1334584553419","68.1759670419488","62.6892148265874","51.6141440823663","62.0795127968283","55.4915874341479",
"Jul 2006","60.8092937134007","50.0620154775239","72.8985807221913","76.3531481349126","68.0247466427649","62.7812194066336","51.7802598143134","62.5595878144611","55.5738898324665",
"Ago 2006","61.1196086472422","50.7924217925141","73.1369442605492","76.5482842620611","68.1554961582167","62.8342573410131","51.9576605823984","62.5986753419927","55.7201030317146",
"Sep 2006","61.7366121300559","52.2699103657586","73.2393003681968","76.6691135858251","68.4995390751384","62.8580702911431","52.0434268570451","63.695631723619","55.858040012138",
"Oct 2006","62.0065187753508","52.7251636168821","73.3002933912472","77.2028302779597","68.8191490017993","62.9771350417915","51.9472783491516","63.7557663813605","56.009310900668",
"Nov 2006","62.3318573036518","52.3036791508691","73.4412083065709","79.0714848465462","68.8171679485349","63.0474914853566","52.0592259076381","63.8369481693111","56.1435695616131",
"Dic 2006","62.6924235706863","53.0107391452889","73.6480237295578","79.2588672202978","68.9875385292754","63.2439483239258","52.3187817388058","64.0509273264396","56.4589854568464",
"Ene 2007","63.0162079340435","53.532696169471","73.4867778065514","79.7105233556511","68.9267862291665","63.5297037254818","52.5322946225314","63.9963050123243","56.9725708139534",
"Feb 2007","63.1923466277105","53.5977323482031","73.8162803448693","79.8804597842604","69.0152732749778","63.9291118435659","52.6817085009949","64.1987583600527","57.2925846085346",
"Mar 2007","63.3291131427925","53.6269152489162","73.9403695986617","79.8565523779544","69.0958361077307","64.2949653501035","52.9399101278256","64.5751010930824","57.4305215889572",
"Abr 2007","63.2912951291521","53.7640748822676","74.0329107370831","79.2039448004052","69.2582824754137","64.594792040373","53.0866155976162","64.5360135655508","57.5473082323819",
"May 2007","62.9825343602545","53.3134075155415","74.0441278447706","78.1177731787612","69.3731835647503","64.7625650981047","53.1732846751535","64.5695887494563","57.7073151296721",
"Jun 2007","63.0581703875346","53.1791661722611","74.0378182216966","78.2670329316463","69.4563878018566","64.8837946624012","53.3141219261526","64.8246599227075","57.930773037957",
"Jul 2007","63.3260048129042","53.7057090808414","73.9621027448065","78.4460154058848","69.407521821334","65.0261311597668","53.4761750450904","65.1463803416218","58.0719285479231",
"Ago 2007","63.5839961936272","54.2084887702698","74.1541957139537","78.6695819621544","69.5283660704638","65.1538551650076","53.584059990567","65.2851911765744","58.234694184822",
"Sep 2007","64.0777025908746","55.255738007287","74.2453347139137","78.8931485184239","69.5600629226942","65.2853675941334","53.6793056955693","66.2784152735977","58.2512466224729",
"Oct 2007","64.3274050918955","55.3070165328255","74.3911571138509","79.7680303600094","69.6822278740011","65.4060559550172","53.7118065996459","66.3079814803203","58.5174649946884",
"Nov 2007","64.7812212555773","55.7618528853677","74.5502998291665","81.0034617345385","69.7614700045777","65.5278267227257","53.8314279827056","66.3530824736258","58.7832235769699",
"Dic 2007","65.0490556809461","56.1904246272685","74.6112928522169","81.0952144830653","70.260695427213","65.800593242393","53.9704596279224","66.7359397945773","58.9928877872126",
"Ene 2008","65.350563680104","56.538534942917","74.4640683138192","81.7407144533338","70.3571066860819","66.1621171216345","54.0846641936359","66.7008612442285","59.3271550697706",
"Feb 2008","65.5448342981189","56.3617699443124","74.8706884674885","82.3073845974046","70.6575664311861","66.4126943014079","54.1988687593499","66.9429032416363","59.6982055471079",
"Mar 2008","66.0198907160361","57.0855058819968","75.1013402443118","82.7079951895632","71.0801911275972","66.7449931963991","54.5924908198333","67.3362841276923","60.0251161907094",
"Abr 2008","66.1701266606339","57.7833941076203","75.1132584212296","82.1568325522862","71.4724396739534","66.9917819522883","54.7811766240562","67.2170170565056","60.2734027554705",
"May 2008","66.0986350732053","57.9480690473583","75.2408530211742","81.2076439073163","71.689034830864","67.3305752882245","54.9156942548178","67.258109072629","60.4839865455828",
"Jun 2008","66.3721681033693","58.1469296707889","75.2520701288617","81.6405618052948","72.1691100719435","67.6590857593315","55.0867754026654","67.5161869787676","60.7764129440789",
"Jul 2008","66.7420593600682","58.633450315534","75.1265787366079","81.9726809091164","72.3097648537173","67.8344356648316","55.4582787923189","68.1165313118826","61.0201016094929",
"Ago 2008","67.1274922662089","59.0532671872205","75.5338999595084","82.3157844969168","72.7951229035017","68.1342623551003","55.9719736373079","68.3530609656643","61.3649440605495",
"Sep 2008","67.5849348147597","59.4793375376316","75.7252918594252","82.5639046056094","73.3399125512189","68.4487015374945","56.3989994047598","69.5898304265379","61.5805855399437",
"Oct 2008","68.0454856931997","59.8136902000871","75.9608511208612","83.7043525010298","73.7242368845175","68.5087751162311","56.7574121524938","69.7301446279337","61.8822077371349",
"Nov 2008","68.8189417803872","60.7900666782295","76.1669654746177","85.3281176915055","74.0788454188494","68.7366217526986","57.0508230920745","69.9260833877404","62.4578647354329",
"Dic 2008","69.295552363249","61.9457095464669","76.3247060514728","85.5058078735117","74.5549585534","68.9790808812917","56.9248820887773","70.4106685047038","62.8348924819217",
"Ene 2009","69.4561494074742","62.2221133060781","76.2209478053638","85.2266727512333","74.9782436008992","69.6783156896445","57.43316011642","70.1430692777563","63.1742174537616",
"Feb 2009","69.6094936819603","62.0315906542798","76.8778496743097","85.2169805594878","76.0585779810989","70.196247354965","57.7058065895073","70.4231965583994","63.4730809113441",
"Mar 2009","70.0099501825605","62.7052987621703","77.2080532818586","85.40242449489","76.7050616963901","70.6340809153039","57.9996689305339","70.6862856860164","63.7301034848654",
"Abr 2009","70.2549901887493","63.62664462754","77.3026976279709","84.8376927891696","77.2465495886666","71.18286117511","58.0484202866488","70.7734809397409","63.9439058045204",
"May 2009","70.0503584711078","63.8476008757959","77.4253847433028","83.3173109773146","77.705493594925","71.5389730202311","57.9897380987324","70.7348945343571","64.1618462335886",
"Jun 2009","70.1793541614693","63.8917921254473","77.6055595355321","83.3250647307115","78.193493049062","71.7343474519769","58.192417347766","70.9358445156422","64.3848443519386",
"Jul 2009","70.3705164495951","64.0364559332677","77.5039044971147","83.3250647307115","78.2806593926971","72.0049491579954","58.5129123740771","71.4650295037634","64.5977270917248",
"Ago 2009","70.5388843185408","64.1907084084657","77.9259481738541","83.3606027671124","78.4946131452552","72.2214305228111","58.8799017492761","71.5276697722437","64.7246291137134",
"Sep 2009","70.8927158708178","64.8648334149374","78.41669663518","83.3644796438104","78.6491352998797","72.2885397459033","59.0022315410087","72.3991211873414","64.8335993282474",
"Oct 2009","71.107190633106","64.5100527219824","78.5975724966396","84.5139735848601","78.5355549127194","72.3220943574498","59.2107790088338","72.5364286558499","65.0497005975764",
"Nov 2009","71.4760457798425","64.3207807659293","78.8359360349974","86.1267542913581","78.4701801549935","72.3432012905196","59.5439132756192","72.5925543364078","65.2299382519957",
"Dic 2009","71.7718551742052","64.5692523205719","78.969840258016","86.3063829117137","78.6636630238194","72.3837915464225","59.969584838734","73.2535344494121","65.5743209131183",
"Ene 2010","72.5520459761509","65.6798701419954","78.8864130195913","87.1896646528122","79.1668505529835","73.2388929374424","60.8931521962448","73.26556138096","66.218946401627",
"Feb 2010","72.9716705110621","66.0671689243158","79.3343962578579","87.8254724313353","79.5009882035832","73.6312654111694","61.2633013815625","73.4549855528442","66.6414933516552",
"Mar 2010","73.4897254924342","66.982678209543","79.7059629500041","88.1175304759419","79.616549644008","73.9457045935636","61.7729336135417","73.9591144335735","66.8129949973143",
"Abr 2010","73.2555646408536","66.4857351002571","79.9941024037256","87.3027402231794","79.7506009149005","74.2742150646706","62.0523511083117","73.7025398938782","67.1003637065285",
"May 2010","72.7939776524521","65.760331568247","80.1427290805839","85.6408524118362","79.7605061812232","74.5518524150462","62.3277059900718","73.7290993677142","67.3665820787448",
"Jun 2010","72.7711832332712","65.1733383653327","80.2934589651338","85.7655586122992","79.7908823312773","74.5805361958844","62.7055289999628","74.046309687298","67.5063582189066",
"Jul 2010","72.9291900025896","65.2037719617904","80.0046184421821","85.8566652147089","79.6277756125062","74.6871532680554","63.0937342431005","74.6210967908733","67.6539507879584",
"Ago 2010","73.1317495003058","65.5531329731841","80.5276160881093","86.0886316704915","79.7096591474363","74.9436836853619","63.1339089717504","74.5158611398262","67.8461429806813",
"Sep 2010","73.5151101865211","66.0546619668673","80.9328341033181","86.2766601903594","80.0517210110936","75.206708543612","63.3140181485089","75.5221144126928","67.8843055452649",
"Oct 2010","73.9689263502028","66.6191426463743","81.2392013570306","87.2096951824202","80.399065683456","75.3988357548857","63.4291255171134","75.6754577899328","68.1298333704173",
"Nov 2010","74.5615812488919","67.1786205429019","81.4971948338417","88.8670599709482","80.5951899566345","75.4497088756171","63.7347242957232","75.6859813550374","68.3017948060112",
"Dic 2010","74.93095445061","67.9832348054191","81.6065616337944","88.8231220350343","80.7589570264937","75.4751454359831","64.0935884449025","76.1019127377465","68.7335375547344",
"Ene 2011","75.2959913456337","68.5301882264203","81.1242786815766","89.1917827694057","80.7720249915242","75.9593730634947","64.5202676263239","76.0337501332643","69.1913980269947",
"Feb 2011","75.578460244005","68.8243562930709","81.9311772568709","89.5240972419676","81.0755396264187","76.1520789565165","64.6934677879773","76.1022860537017","69.5236719362695",
"Mar 2011","75.7234509285414","68.9148695443481","82.5017116030385","89.625390958203","81.1449605269531","76.2843280987863","64.8191982756962","76.2294582616244","69.8167333966236",
"Abr 2011","75.7174409519803","69.91531525354","82.8049098555733","88.1157591697469","81.3427293714987","76.4007073439838","65.0488488604071","76.3223625093285","70.0609512802521",
"May 2011","75.1592643788689","69.1795522336888","82.987480846347","86.3795493318169","81.5049805460035","76.5956803651588","65.152127475319","76.1198007889246","70.2198648890356",
"Jun 2011","75.1555081435182","68.7180717934652","82.9842206500831","86.5208274097242","81.8924460373581","76.6561371159107","65.3644580438645","76.2226046695807","70.4028563173319",
"Jul 2011","75.5161067371837","69.5621764322693","82.6924330844717","86.6407804947398","81.5437270951389","76.6213744842283","65.8583992456171","76.7305319910446","70.5920391849314",
"Ago 2011","75.6355550213354","69.608118764357","83.2597072343755","86.7154179698607","81.4767278539255","76.4604083853513","66.1066528106537","76.9612695898506","70.7633356723215",
"Sep 2011","75.8211130476591","69.6650323996297","83.6998337299905","86.8140460619846","81.8197962577291","76.4566298384294","66.3690189814547","77.7837006350995","70.7041730300904",
"Oct 2011","76.332712302422","69.9982857338773","83.973690216151","88.1690716519761","82.1822379361005","76.3372277556943","66.615989582331","77.9740781918701","71.024751998459",
"Nov 2011","77.1583328325019","70.5742791510954","84.2980797444006","90.5228177423941","82.3065497812434","76.429424300591","66.9200520883449","78.0113921929971","71.4402663694776",
"Dic 2011","77.7923853596971","72.0787191003531","84.4072963192384","90.6863093545635","83.04111977527","76.9357495881384","67.2908287306994","78.4987587383298","71.8090009768715",
"Ene 2012","78.3430494621071","73.4981314499263","83.7886740781795","90.8586863804379","83.6029447377343","77.6672762722367","67.6430023927281","78.4964742076486","72.2534087313053",
"Feb 2012","78.502313840976","73.3932183632187","84.6216542235843","91.0399488200171","84.1938296120502","77.7949911582002","67.8219758931034","78.5764327814922","72.6496608467137",
"Mar 2012","78.5473886651842","73.1045359481599","85.0267336093633","91.0115154961615","84.5490063124586","77.96502576969","67.9650263969876","78.870375729146","72.986750319891",
"Abr 2012","78.3009796261795","73.0133369904344","85.3030352427216","89.7648919533694","84.8743158812418","78.1615102096338","68.1401510048817","78.5878554348985","73.3272794815702",
"May 2012","78.0538193401046","73.3781328213392","85.4032862778339","87.9007321580893","85.056747550088","78.3942687000287","68.380706784956","78.6548683348817","73.6506102007402",
"Jun 2012","78.4136666866999","74.2695512051291","85.3690542170639","87.9007321580893","85.3949726352497","78.7985732206823","68.643072955757","78.8772293211898","73.9367922840908",
"Jul 2012","78.8538974697999","75.2782253917098","85.0405894434845","88.1184247938584","85.6557046221404","79.1590465970406","68.9368717484877","79.3744954994745","74.0929541420729",
"Ago 2012","79.0905402968928","75.5394795488051","85.7667981612493","88.2765851578049","85.9471109604301","79.5112071701706","69.1549756557551","79.4080019494662","74.3241012093945",
"Sep 2012","79.4391189374361","76.6660952446258","86.1352003390604","87.7861103212966","86.1941202111687","79.6132279370645","69.43017146816","80.4109109185336","74.3922070417303",
"Oct 2012","79.8410361199591","76.8244934343607","86.4229126593421","88.7155245948251","85.9366171033726","79.9472514849689","69.7169139580086","80.5555978616793","74.9590677068285",
"Nov 2012","80.3834365045976","76.8334076181986","86.4636651126398","90.3895365368212","86.2845288258181","80.3485331680849","70.0998787598868","80.6507866400646","75.2025976527566",
"Dic 2012","80.5682432838512","77.2667740940104","86.5223486453885","90.0652189365937","86.8245588543937","80.7891117391896","70.3462078786829","80.9729054661204","75.469517480497",
"Ene 2013","80.8927820181501","77.4128295676621","85.9338832197698","90.7724978675007","86.7632101515959","81.3052612487342","70.6483459384562","81.0467719581474","76.0528886504038",
"Feb 2013","81.2909429653224","77.5095141769808","86.6812832132494","91.7205715098095","86.5622124279556","81.3543823587201","71.0851952350711","81.3064469455825","76.2792201538229",
"Mar 2013","81.8874331390108","78.9213837556142","87.0211586737522","92.0075703724766","86.3733230009202","81.7103214787721","71.5528356715355","81.7405077750194","76.4195594446967",
"Abr 2013","81.9415229280606","79.4980628792814","87.0676164705115","91.0968154677282","86.3846240777514","81.7352598884573","72.3611030925851","81.5082471557593","76.5963594336897",
"May 2013","81.6688202416011","79.3561216443241","87.1328203957878","89.7462325845891","86.4411294619073","81.8750661245711","72.5522647524841","81.6491265477695","76.9389524084699",
"Jun 2013","81.619237934972","78.5010457023348","86.8353274867147","89.8839564970145","86.7438368770281","82.026208001451","73.1129200905773","81.8791026363484","77.1343267153727",
"Jul 2013","81.5921930404471","78.0978503102822","86.283539269064","89.8928419107194","86.3168176167643","82.2423408853891","73.4317366844357","82.281941546475","77.3111267043657",
"Ago 2013","81.8243283851193","78.6080159083896","86.9616600919375","89.9248294000569","86.4322500443971","82.2226924413947","73.7197621384447","82.3877914680394","77.3145663928675",
"Sep 2013","82.1323396838752","78.9460691877807","87.5044827698628","89.9888043787319","86.7712823493324","82.688965131569","74.0449935531051","83.2566746371404","77.2629710653403",
"Oct 2013","82.5229881603462","78.8850413138135","87.7326965083298","91.4300184816605","86.6348622075846","82.4199325907229","74.265021906613","83.3450098234819","77.6076278532216",
"Nov 2013","83.2922651601659","79.7456029073953","87.7180256251426","93.4247938584021","86.9303046447426","82.0927104272781","74.5652355201457","83.4028846007402","77.9529725788033",
"Dic 2013","83.7700582967726","80.4422806596496","87.8362077397059","93.521644867785","87.4089859705203","82.6269969620483","75.5056482497161","83.9169040040208","78.1228931907927",
"Ene 2014","84.5190516256987","81.4296979463092","87.2314413327682","94.1729456923514","87.8142102968954","83.565588017472","76.4877573144994","84.1247962960143","79.4375421361841",
"Feb 2014","84.7331570406876","81.3624987143004","88.2469924689466","94.5656809781063","87.8117886375745","82.9375935190363","76.8123472470796","84.3913248754931","80.0553101911091",
"Mar 2014","84.9652923853597","81.6306099358865","88.4132624784012","94.7193986352004","87.9861481086841","83.3373637833835","77.108070486051","84.4651913675201","80.3875841003839",
"Abr 2014","84.8067792535609","81.4543833784757","88.6504417565938","93.4674438441854","88.1710014368512","83.6079077429984","77.4775641642451","84.9152439117257","80.9393101360741",
"May 2014","84.5355790612417","81.9330064799259","88.7392821047827","91.5979528006824","88.255759513085","83.7862551577166","77.7052903027154","84.6182549231636","81.266080543746",
"Jun 2014","84.6820722399183","81.9926629409949","88.7604733804975","91.7712183679272","88.0878578001647","84.090050330245","77.9163379071006","84.7895947242571","81.5426314992914",
"Jul 2014","84.9149588316606","82.3224877429972","88.2388419782871","91.9391526869491","88.0692917453706","84.1391714402309","78.2787752824125","85.306660168446","81.8473879005517",
"Ago 2014","85.2199651421359","83.0925360853019","89.139471196166","91.9595891384703","88.5705752248107","84.3364115895591","78.3037930835402","85.3218903729877","82.0365707681513",
"Sep 2014","85.5963399242743","83.8118421503754","89.6203501450787","91.9933537105488","88.551201950243","84.7656545198978","78.4859739943165","86.3590673022739","82.0592727122632",
"Oct 2014","86.0696255784602","83.9853258819899","89.8412284419522","93.3457136764288","88.3671558418495","84.7135105723743","78.727171256471","86.5304071033674","82.633012754365",
"Nov 2014","86.7637778712663","84.5338910412453","89.7637987806866","95.4204577765141","88.4091312700796","84.8812780557109","78.7040779015838","86.6423491067485","83.0898033874053",
"Dic 2014","87.1889837129635","85.6995920046628","89.8257425096991","95.4089067386977","88.7869101241504","84.9976573009084","78.8657313857937","87.1502764282124","83.4358360506873",
"Ene 2015","87.1101027705992","85.6954777659684","89.0049881002837","94.9264287745237","89.106569154518","85.3724891555703","78.7874705720096","87.1274311214","84.0845613021285",
"Feb 2015","87.2753771260292","85.4198237734426","90.0938936523979","95.1849943133352","89.4569025362845","85.7359853694663","78.9478410920591","87.3749219452017","84.4003247065946",
"Mar 2015","87.6307169902037","85.6563924983714","90.4810419587259","95.2774026158658","89.6167320514683","86.004262200928","79.9402138701255","87.8919873893906","84.6342235247176",
"Abr 2015","87.4038403750225","85.8511331299071","90.8869363935709","94.0432186522604","89.9961253450865","86.2846303825401","79.7201855166176","87.6345969326368","84.9114624179634",
"May 2015","86.9673658272733","85.433537902424","91.0947739053891","92.1906098947967","89.9234755654575","86.4108338497347","80.1923163276434","87.6985637917117","85.1116522887687",
"Jun 2015","87.1131077588797","85.4842801796551","91.2455579825906","92.2919036110321","90.0429440919585","86.4962290101718","80.5201136706246","87.9148326962031","85.3090904087726",
"Jul 2015","87.2408197608029","85.5754791373813","90.6644279985655","92.3523244242252","90.0736184433574","86.5672656923054","80.7401420241326","88.4935804687857","85.5938966167224",
"Ago 2015","87.4248752929864","85.7517056947921","91.2488181788544","92.4740545919818","90.3577598036841","87.0244698698668","80.7491227732553","88.5308944699127","85.9392413423041",
"Sep 2015","87.7524190155658","86.2296430897933","91.7451830600202","92.5700170599943","90.6548166803894","87.6449072744585","80.7523301836563","89.494966417399","86.0204179909468",
"Oct 2015","88.2039185047178","86.4593547502314","92.1967202425586","93.8832812055729","91.0277522158183","87.6872269999849","80.6657301028296","89.5886321753301","86.4971588172975",
"Nov 2015","88.6854678766753","86.7487228717386","92.3580999576175","95.3982442422519","91.3570978834697","87.6517086589181","80.5855448428048","89.6419378912259","86.8720848639947",
"Dic 2015","89.0468177174109","87.6867692940652","92.4273791282235","95.3422661359113","91.3966516523789","87.8308117830207","80.7818383593454","90.2465770115293","87.1988552716666",
"Ene 2016","89.3863813931126","88.775671135187","91.6726436931503","95.6274879158374","91.6824074522529","88.5918111331107","80.2737845518285","90.2092630104022","87.7952972578803",
"Feb 2016","89.7777811166536","89.5265196969177","92.8397939555961","95.8220784759738","92.4662178524725","88.7029004126173","80.2109193079691","90.475030079654","88.2245703829061",
"Mar 2016","89.9100006009976","89.3646929749374","93.6043099794608","95.972241967586","92.3136533152516","88.855553708266","80.2359371090969","91.1070835681323","88.5561563544805",
"Abr 2016","89.6252779614159","89.0972674598004","93.865125680566","94.7860392379869","92.4395795999419","89.5833018454423","80.0723591786463","90.9684887068033","88.9943726696111",
"May 2016","89.2256145201034","89.0869818630644","93.7314576337496","92.9183252772249","92.4145557869585","89.8349530704472","80.0511902699998","91.0781461795032","89.3988800374238",
"Jun 2016","89.3240278862912","88.8099564576405","94.0150947087015","92.9671950526017","92.5154582586655","90.0102776476278","80.5483388821533","91.3873193316986","89.6080130983338",
"Jul 2016","89.5569144780335","88.5994445777763","93.5578521827014","93.0436096104635","92.3120388757043","90.2936686667775","81.7934555998178","92.0003350644999","89.8921313685833",
"Ago 2016","89.8093334935994","88.7544142352659","94.5236853258566","92.8827836224055","92.6534928399606","90.8226652358569","82.5548948290129","92.0208958406311","90.1955118944429",
"Sep 2016","90.357743854799","90.1422840881819","95.1056303589476","92.6801961899346","92.8617555415637","91.2700451914212","82.9603115036982","93.2073287744254","90.1294698752081",
"Oct 2016","90.9061542159986","90.411081016217","95.4601767026375","94.1258529997157","93.1144153307179","91.3652645738555","83.3593133575814","93.2332201221462","90.4858216039956",
"Nov 2016","91.6168339443476","90.8307333630473","95.1317119290581","96.2130366789878","93.2476065933711","91.3773559240059","83.6871107005626","93.4822339664022","90.9205982306242",
"Dic 2016","92.0390347977643","91.4663832413344","95.4373553287908","96.4049616150128","93.4009783503657","91.4740867252089","84.2137674884052","94.063266269666","91.4626931385094",
"Ene 2017","93.6038824448585","91.8503788528131","95.0029341766374","97.9243673585442","94.1855959703589","92.4043649774043","90.0730648089345","94.1447478639638","92.4945996890522",
"Feb 2017","94.1447803353567","92.1088901841122","96.4830632804095","98.5081390389536","94.9411536785005","93.2144854374802","90.5144044801109","94.6321144092965","93.100672803071",
"Mar 2017","94.7224893322916","93.2965337539","97.3144133276823","98.8235712254763","95.8290954295216","93.9543249248069","90.4053525264771","95.1316651182625","93.5134354232881",
"Abr 2017","94.8389326281628","94.3196077759111","97.7162325171975","97.3397071367643","96.1979948660822","94.6125477986186","90.7074905862505","95.5398345999787","94.0066867544475",
"May 2017","94.7254943205721","95.01285699592","97.9688977276432","95.4977608757464","96.967275310376","94.9843568157429","91.1635843452713","95.1529874046208","94.549469600033",
"Jun 2017","94.9636396418054","95.4414235265883","97.8735369869266","95.7110108046631","97.351511922636","95.3372730982573","91.0789087106852","95.3837250034268","94.9340267745353",
"Jul 2017","95.3227357413306","96.5700963417561","97.444006129169","95.6799118566961","97.3168014723689","95.4755679156024","91.0320805188307","96.0843144123426","95.3268392014419",
"Ago 2017","95.7937676543061","97.5479137381287","98.5883350177681","96.037994029002","97.4104389661129","95.8594682828771","91.0943042806099","96.1817877214091","95.6150850978935",
"Sep 2017","96.0935152352906","97.6288270991189","99.277051478499","96.3534262155246","97.405595647471","96.0778682949685","91.3528215589297","97.3666976347492","95.5827520259765",
"Oct 2017","96.6982691267504","97.0528336819008","99.6707201773547","98.4601578049474","97.309536494406","96.2154074029291","92.4106255091764","97.6271341324114","95.8861325518361",
"Nov 2017","97.6951739888215","97.7241402955395","99.3455156000391","101.068026727324","97.9932516426922","96.8214863292172","92.9347163686982","97.8875706300736","96.3078383621579",
"Dic 2017","98.2728829857563","98.71087187575","99.3039480976755","101.358579755473","98.1304790042137","97.0837174856037","93.8853928115518","98.3772217060875","96.7343597363823",
"Ene 2018","98.7949996995012","99.2710940446395","99.1450135298145","101.947682684106","98.4444874961657","97.7457189063374","94.6590202002707","98.2371038243043","97.6314304976542",
"Feb 2018","99.1713744816395","98.8610415880961","100.140188439344","101.854385840205","98.9360843383219","98.0056829345707","96.6283701864788","98.7930062900745","98.1920997234491",
"Mar 2018","99.4921569805878","99.1126958549045","100.471098360121","101.810847313051","99.4454400154986","98.3449964481659","97.3378493671779","99.4882651274006","98.4837853084025",
"Abr 2018","99.1548470460965","99.0592107518771","100.711537834578","100.112844754052","99.7949661774915","99.0840802261083","97.4738435681799","99.0047061332034","98.8366973486881",
"May 2018","98.9940801730873","98.8466417526657","100.561568806442","98.9204222348592","99.711822540805","99.6493508456388","98.183322748879","99.204983322926","99.0582132882046",
"Jun 2018","99.3764649317868","98.8774985428738","100.432791054021","99.7023386408871","99.8974830887457","99.778577150371","98.9062730532623","99.5514704762485","99.3939268859812",
"Jul 2018","99.9090991045135","99.8368018651215","100.110031623904","99.9511302246233","100.053276505061","99.9433217961701","99.786386467294","100.0365524909","99.8720435877327",
"Ago 2018","100.492","100.759","100.623","100.201","100.419","100.31","100.722","100.197","100.335",
"Sep 2018","100.917","100.957","101.114","100.852","100.569","100.613","101.483","101.008","100.19",
"Oct 2018","101.44","100.887","101.26","102.244","100.634","101.001","102.34","101.342","100.815",
"Nov 2018","102.303","102.305","101.223","103.787","100.866","101.16","102.513","101.426","101.319",
"Dic 2018","103.02","104.03","101.428","103.933","100.931","101.383","102.673","102.143","101.901",
"Ene 2019","103.108","104.484","100.957","104.033","100.583","102.078","101.788","101.917","102.734",
"Feb 2019","103.079","103.282","101.918","104.281","100.664","102.493","102.525","102.376","103.422",
"Mar 2019","103.476","103.309","102.428","104.61","100.845","102.805","103.926","102.745","103.81",
"Abr 2019","103.531","103.766","102.718","103.425","101.09","103.34","103.98","103.447","104.366",
"May 2019","103.233","104.113","102.753","101.674","100.64","103.909","103.807","102.948","104.798",
"Jun 2019","103.299","104.298","102.619","101.34","100.936","104.169","103.909","103.15","105.13",
"Jul 2019","103.687","105.199","102.265","101.256","100.917","104.46","104.33","103.609","105.529",
"Ago 2019","103.67","104.791","103.184","101.356","101.072","104.923","104.022","103.797","105.843",
"Sep 2019","103.942","105.052","103.639","101.594","101.091","105.235","104.318","104.466","105.756",
"Oct 2019","104.503","105.311","103.939","103.289","100.911","105.303","104.492","104.821","106.263",
"Nov 2019","105.346","106.133","104.035","105.49","100.828","105.369","104.762","104.933","106.947",
"Dic 2019","105.934","107.018","104.237","105.846","100.873","105.62","105.485","105.531","107.642",
"Ene 2020","106.447","108.468","103.67","105.897","100.923","106.321","105.649","105.044","108.443",
"Feb 2020","106.889","109.429","104.418","106.015","101.217","106.557","105.486","105.477","108.943",
"Mar 2020","106.838","110.24","104.753","106.254","101.45","107.004","102.346","105.509","109.312",
"Abr 2020","105.755","110.725","103.796","105.222","101.764","107.659","95.214","105.223","109.442",
"May 2020","106.162","112.087","101.124","103.556","101.864","108.197","98.349","105.269","109.62",
"Jun 2020","106.743","111.555","101.885","103.939","103.576","108.559","101.733","105.488","109.871",
"Jul 2020","107.444","111.967","102.851","104.27","104.447","109.087","104.166","105.486","110.345",
"Ago 2020","107.867","112.537","103.564","104.653","105.025","109.668","104.298","105.655","110.715",
"Sep 2020","108.114","112.806","104.376","104.739","105.496","109.92","104.398","106.31","110.626",
"Oct 2020","108.774","113.551","104.669","106.433","105.893","109.897","104.339","106.458","110.914",
"Nov 2020","108.856","113.488","102.701","108.572","104.539","109.949","102.559","106.32","111.531",
"Dic 2020","109.271","113.261","104.99","108.955","106.077","110.416","103.267","106.756","112.044",
"Ene 2021","110.21","113.983","104.352","110.113","106.878","111.188","105.86","106.52","112.877",
"Feb 2021","110.907","114.221","105.399","110.762","107.372","111.551","108.162","106.734","113.376",
"Mar 2021","111.824","115.147","106.509","111.658","108.128","111.68","109.855","107.321","113.975",
"Abr 2021","112.19","116.549","106.774","110.508","108.719","112.078","110.345","107.378","114.64",
"May 2021","112.419","117.927","107.078","108.596","108.783","112.715","110.936","107.747","115.345",
"Jun 2021","113.018","118.536","107.353","109.192","109.993","113.022","111.492","108.129","116.326",
"Jul 2021","113.682","119.456","107.335","110.145","110.292","113.478","111.679","108.562","117.152",
"Ago 2021","113.899","120.791","108.372","108.495","111.091","114.101","111.592","108.754","117.639",
"Sep 2021","114.601","121.9","109.158","109.284","111.819","114.537","111.67","109.539","117.717",
"Oct 2021","115.561","122.401","109.729","111.869","112.848","114.891","111.946","110.056","118.339",
"Nov 2021","116.884","124.706","109.126","114.078","112.379","115.444","112.273","110.435","119.239",
"Dic 2021","117.308","125.358","110.487","112.803","113.874","116.125","113.487","111.141","120.35",
"Ene 2022","118.002","126.472","110.247","113.061","114.741","117.27","113.906","110.921","122.298",
"Feb 2022","118.981","127.536","111.365","113.997","115.662","118.044","114.987","111.517","123.452",
"Mar 2022","120.159","129.083","112.257","115.281","116.288","118.628","116.722","111.51","124.337",
"Abr 2022","120.809","130.608","112.855","114.185","116.951","119.827","117.785","112.27","125.212",
"May 2022","121.022","131.947","112.974","112.318","116.659","120.779","118.27","112.237","126.446",
"Jun 2022","122.044","133.851","113.487","112.587","117.737","121.577","119.209","112.562","127.635",
"Jul 2022","122.948","135.506","113.316","113.033","118.094","122.364","119.978","113.072","128.745",
"Ago 2022","123.803","137.231","114.414","113.054","119.019","123.317","120.124","113.51","130.041",
"Sep 2022","124.571","138.916","115.425","112.813","119.785","124.4","120.144","114.591","130.666",
"Oct 2022","125.276","139.602","116.264","113.411","120.408","125.065","120.812","115.146","131.974",
"Nov 2022","125.997","139.992","116.401","115.282","119.623","125.842","121.047","115.491","133.265",
"Dic 2022","126.478","141.051","117.007","114.895","120.45","126.702","121.008","115.913","134.327",
"Ene 2023","127.336","142.455","116.933","115.302","121.715","127.778","121.477","115.876","136.243",
"Feb 2023","128.046","143.06","117.925","115.996","122.134","128.476","122.106","116.722","137.388",
"Mar 2023","128.389","143.237","118.627","115.751","121.94","129.36","123.106","117.316","138.177",
"Abr 2023","128.363","143.745","119.049","113.934","122.228","130.267","123.423","117.557","138.921",
"May 2023","128.084","144.081","119.095","111.707","121.353","131.12","123.648","117.536","139.708",
"Jun 2023","128.214","144.37","119.097","111.199","121.584","131.658","123.96","117.652","140.383",
"Jul 2023","128.832","145.645","119.245","111.123","121.868","132.272","124.602","118.137","141.034",
"Ago 2023","129.545","146.666","119.752","111.941","121.587","133.129","124.834","118.817","141.765",
"Sep 2023","130.12","147.344","120.494","112.441","121.858","133.633","125.145","120.285","141.719",
"Oct 2023","130.609","146.745","120.806","114.599","122.054","133.82","125.611","120.783","142.293",
"Nov 2023","131.445","147.6","120.853","116.902","120.777","134.073","125.815","120.72","143.376",
"Dic 2023","132.373","149.583","120.95","117.198","121.026","134.499","126.383","121.238","144.5",
"Ene 2024","133.555","152.385","120.664","117.939","121.366","135.692","126.025","121.354","146.101",
"Feb 2024","133.681","150.34","121.742","119.29","121.83","136.068","127.318","122.15","147.247",
"Mar 2024","134.065","150.369","122.219","119.448","121.46","136.663","128.562","122.655","148.172",
"Abr 2024","134.336","151.857","122.338","117.992","121.576","137.5","128.69","122.587","148.952",
"May 2024","134.087","152.445","121.907","115.695","120.553","138.046","129.174","122.64","149.465",
"Jun 2024","134.594","153.393","122.35","115.98","120.942","138.432","129.608","122.524","149.97",
"Jul 2024","136.003","156.234","122.192","117.099","121.074","138.79","130.721","123.177","150.766",
"Ago 2024","136.013","155.259","122.672","117.394","121.077","138.973","130.854","123.71","151.616",
"Sep 2024","136.08","154.357","123.354","117.669","121.451","139.395","131.002","124.835","151.674",
"Oct 2024","136.828","155.694","123.223","118.711","121.559","139.647","131.196","125.08","152.526",
"Nov 2024","137.424","156.29","122.102","120.567","120.311","139.239","131.411","124.835","153.719",
"Dic 2024","137.949","156.332","122.695","120.934","120.456","140.004","132.524","125.374","155.057",
"Ene 2025","138.343","156.201","122.859","121.505","121.662","141.343","131.991","125.455","156.867",
"Feb 2025","138.726","155.75","123.767","121.971","122.121","141.951","132.421","126.259","158.326",
"Mar 2025","139.161","156.639","124.246","122.292","122.131","142.515","132.063","126.696","159.233",
"Abr 2025","139.62","158.128","124.58","121.587","122.968","144.03","132.259","126.763","159.958",
"May 2025","140.012","160.43","124.448","120.512","123.213","144.848","132.067","126.912","160.773",
"Jun 2025","140.405","160.775","125.083","120.732","123.57","145.571","132.288","127.161","161.809",
"Jul 2025","140.78","161.291","125.22","121.021","123.161","146.049","132.657","127.524","162.591",
"Ago 2025","140.867","160.956","125.26","121.293","123.344","146.522","132.374","127.729","163.387",
"Sep 2025","141.197","161.115","125.852","121.454","123.515","147.227","132.396","129.48","163.364",
"Oct 2025","141.708","160.86","126.086","122.778","123.624","147.35","132.924","129.929","164.249",
"Nov 2025","142.645","161.756","125.519","124.468","123.378","147.599","133.974","129.881","165.882",
"Dic 2025","143.042","161.947","126.258","124.672","123.413","147.677","134.866","130.327","167.011",
"Ene 2026","143.588","163.117","126.32","125.045","123.343","148.94","134.075","130.457","168.913",
"Feb 2026","144.307","164.439","127.159","125.322","123.95","149.516","134.374","131.161","170.142",

"Fuente: INEGI. Índices de precios. ",
"Atención a usuarios: atencion.usuarios@inegi.org.mx",
"Fecha de consulta: 02/04/2026 11:05:07",