Country,Region,Residence,Ethnicity,SocDem,Version,Ref-ID,Year1,Year2,TypeLT,Sex,Age,AgeInt,m(x),q(x),l(x),d(x),L(x),T(x),e(x),e(x)Orig
MEX,0,0,0,0,1,4000.85,1950,1950,4,1,0,1,0.15829,0.14352,100000,14352,90671,4687675,46.88,46.95
MEX,0,0,0,0,1,4000.85,1950,1950,4,1,1,4,0.02353,0.08858,85648,7587,322502,4597004,53.67,53.73
MEX,0,0,0,0,1,4000.85,1950,1950,4,1,5,5,0.0046,0.02274,78061,1775,385868,4274502,54.76,54.76
MEX,0,0,0,0,1,4000.85,1950,1950,4,1,10,5,0.00267,0.01324,76286,1010,378905,3888635,50.97,50.97
MEX,0,0,0,0,1,4000.85,1950,1950,4,1,15,5,0.00394,0.0195,75276,1468,372710,3509730,46.62,46.62
MEX,0,0,0,0,1,4000.85,1950,1950,4,1,20,5,0.00618,0.03043,73808,2246,363425,3137020,42.5,42.5
MEX,0,0,0,0,1,4000.85,1950,1950,4,1,25,5,0.0072,0.03534,71562,2529,351488,2773595,38.76,38.76
MEX,0,0,0,0,1,4000.85,1950,1950,4,1,30,5,0.00824,0.04036,69033,2786,338200,2422107,35.09,35.09
MEX,0,0,0,0,1,4000.85,1950,1950,4,1,35,5,0.00959,0.04681,66247,3101,323482,2083907,31.46,31.46
MEX,0,0,0,0,1,4000.85,1950,1950,4,1,40,5,0.01142,0.05554,63146,3507,306962,1760425,27.88,27.88
MEX,0,0,0,0,1,4000.85,1950,1950,4,1,45,5,0.01415,0.06834,59639,4076,288005,1453462,24.37,24.37
MEX,0,0,0,0,1,4000.85,1950,1950,4,1,50,5,0.01784,0.0854,55563,4745,265952,1165457,20.98,20.98
MEX,0,0,0,0,1,4000.85,1950,1950,4,1,55,5,0.02401,0.11325,50818,5755,239702,899505,17.7,17.7
MEX,0,0,0,0,1,4000.85,1950,1950,4,1,60,5,0.03261,0.15074,45063,6793,208332,659802,14.64,14.64
MEX,0,0,0,0,1,4000.85,1950,1950,4,1,65,5,0.04775,0.21327,38270,8162,170945,451470,11.8,11.8
MEX,0,0,0,0,1,4000.85,1950,1950,4,1,70,5,0.06769,0.28946,30108,8715,128752,280525,9.32,9.32
MEX,0,0,0,0,1,4000.85,1950,1950,4,1,75,5,0.09552,0.38555,21393,8248,86345,151772,7.09,7.09
MEX,0,0,0,0,1,4000.85,1950,1950,4,1,80,5,0.17584,0.61073,13145,8028,45655,65427,4.98,4.98
MEX,0,0,0,0,1,4000.85,1950,1950,4,1,85,5,0.24609,0.76177,5117,3898,15840,19772,3.86,3.87
MEX,0,0,0,0,1,4000.85,1950,1950,4,1,90,5,0.30361,0.863,1219,1052,3465,3932,3.23,3.23
MEX,0,0,0,0,1,4000.85,1950,1950,4,1,95,5,0.34222,0.92216,167,154,450,467,2.8,2.83
MEX,0,0,0,0,1,4000.85,1950,1950,4,1,100,99,0.74291,1,13,13,17,17,1.35,1.8
MEX,0,0,0,0,1,4000.85,1950,1950,4,2,0,1,0.12737,0.11763,100000,11763,92354,5062300,50.62,50.65
MEX,0,0,0,0,1,4000.85,1950,1950,4,2,1,4,0.02443,0.0918,88237,8100,331572,4969946,56.32,56.35
MEX,0,0,0,0,1,4000.85,1950,1950,4,2,5,5,0.0046,0.02274,80137,1822,396130,4638374,57.88,57.88
MEX,0,0,0,0,1,4000.85,1950,1950,4,2,10,5,0.0024,0.01194,78315,935,389238,4242244,54.17,54.17
MEX,0,0,0,0,1,4000.85,1950,1950,4,2,15,5,0.00331,0.01643,77380,1271,383722,3853006,49.79,49.79
MEX,0,0,0,0,1,4000.85,1950,1950,4,2,20,5,0.00463,0.0229,76109,1743,376188,3469284,45.58,45.58
MEX,0,0,0,0,1,4000.85,1950,1950,4,2,25,5,0.00557,0.02745,74366,2041,366728,3093096,41.59,41.59
MEX,0,0,0,0,1,4000.85,1950,1950,4,2,30,5,0.00668,0.03284,72325,2375,355688,2726369,37.7,37.7
MEX,0,0,0,0,1,4000.85,1950,1950,4,2,35,5,0.00786,0.03853,69950,2695,343012,2370681,33.89,33.89
MEX,0,0,0,0,1,4000.85,1950,1950,4,2,40,5,0.00879,0.043,67255,2892,329045,2027669,30.15,30.15
MEX,0,0,0,0,1,4000.85,1950,1950,4,2,45,5,0.01045,0.0509,64363,3276,313625,1698624,26.39,26.39
MEX,0,0,0,0,1,4000.85,1950,1950,4,2,50,5,0.01332,0.06443,61087,3936,295595,1384999,22.67,22.67
MEX,0,0,0,0,1,4000.85,1950,1950,4,2,55,5,0.01862,0.08896,57151,5084,273045,1089404,19.06,19.06
MEX,0,0,0,0,1,4000.85,1950,1950,4,2,60,5,0.02717,0.1272,52067,6623,243778,816359,15.68,15.68
MEX,0,0,0,0,1,4000.85,1950,1950,4,2,65,5,0.04066,0.18456,45444,8387,206252,572581,12.6,12.6
MEX,0,0,0,0,1,4000.85,1950,1950,4,2,70,5,0.05983,0.26022,37057,9643,161178,366329,9.89,9.89
MEX,0,0,0,0,1,4000.85,1950,1950,4,2,75,5,0.08599,0.35387,27414,9701,112818,205151,7.48,7.48
MEX,0,0,0,0,1,4000.85,1950,1950,4,2,80,5,0.16433,0.5824,17713,10316,62775,92334,5.21,5.21
MEX,0,0,0,0,1,4000.85,1950,1950,4,2,85,5,0.23582,0.74179,7397,5487,23268,29559,4,4
MEX,0,0,0,0,1,4000.85,1950,1950,4,2,90,5,0.29644,0.85131,1910,1626,5485,6291,3.29,3.3
MEX,0,0,0,0,1,4000.85,1950,1950,4,2,95,5,0.33766,0.91549,284,260,770,806,2.84,2.86
MEX,0,0,0,0,1,4000.85,1950,1950,4,2,100,99,0.66115,1,24,24,36,36,1.51,1.8
MEX,0,0,0,0,1,4004.01,1959,1961,4,1,0,1,0.08318,0.07851,100000,7851,94391,5762395,57.62,57.63
MEX,0,0,0,0,1,4004.01,1959,1961,4,1,1,4,0.012,0.04657,92149,4291,357510,5668005,61.51,61.52
MEX,0,0,0,0,1,4004.01,1959,1961,4,1,5,5,0.00268,0.01332,87858,1170,436365,5310495,60.44,60.46
MEX,0,0,0,0,1,4004.01,1959,1961,4,1,10,5,0.00155,0.00772,86688,669,431768,4874130,56.23,56.24
MEX,0,0,0,0,1,4004.01,1959,1961,4,1,15,5,0.00255,0.01267,86019,1090,427370,4442362,51.64,51.66
MEX,0,0,0,0,1,4004.01,1959,1961,4,1,20,5,0.00237,0.01176,84929,999,422148,4014992,47.27,47.3
MEX,0,0,0,0,1,4004.01,1959,1961,4,1,25,5,0.00627,0.03086,83930,2590,413175,3592845,42.81,43.15
MEX,0,0,0,0,1,4004.01,1959,1961,4,1,30,5,0.00571,0.02813,81340,2288,400980,3179670,39.09,39.14
MEX,0,0,0,0,1,4004.01,1959,1961,4,1,35,5,0.00681,0.03347,79052,2646,388645,2778690,35.15,35.19
MEX,0,0,0,0,1,4004.01,1959,1961,4,1,40,5,0.00841,0.0412,76406,3148,374160,2390045,31.28,31.32
MEX,0,0,0,0,1,4004.01,1959,1961,4,1,45,5,0.01072,0.0522,73258,3824,356730,2015885,27.52,27.55
MEX,0,0,0,0,1,4004.01,1959,1961,4,1,50,5,0.01379,0.06667,69434,4629,335598,1659155,23.9,23.92
MEX,0,0,0,0,1,4004.01,1959,1961,4,1,55,5,0.01865,0.08911,64805,5775,309588,1323557,20.42,20.44
MEX,0,0,0,0,1,4004.01,1959,1961,4,1,60,5,0.02559,0.12028,59030,7100,277400,1013970,17.18,17.17
MEX,0,0,0,0,1,4004.01,1959,1961,4,1,65,5,0.03515,0.16156,51930,8390,238675,736570,14.18,14.16
MEX,0,0,0,0,1,4004.01,1959,1961,4,1,70,5,0.05024,0.22315,43540,9716,193410,497895,11.44,11.38
MEX,0,0,0,0,1,4004.01,1959,1961,4,1,75,5,0.07224,0.30594,33824,10348,143250,304485,9,8.91
MEX,0,0,0,0,1,4004.01,1959,1961,4,1,80,5,0.11043,0.4327,23476,10158,91985,161235,6.87,6.71
MEX,0,0,0,0,1,4004.01,1959,1961,4,1,85,5,0.16298,0.57899,13318,7711,47312,69250,5.2,4.92
MEX,0,0,0,0,1,4004.01,1959,1961,4,1,90,5,0.2358,0.74175,5607,4159,17638,21937,3.91,3.51
MEX,0,0,0,0,1,4004.01,1959,1961,4,1,95,5,0.31506,0.88122,1448,1276,4050,4300,2.97,2.43
MEX,0,0,0,0,1,4004.01,1959,1961,4,1,100,99,0.68906,1,172,172,250,250,1.45,1.66
MEX,0,0,0,0,1,4004.01,1959,1961,4,2,0,1,0.07367,0.06986,100000,6986,94827,6026852,60.27,60.29
MEX,0,0,0,0,1,4004.01,1959,1961,4,2,1,4,0.01292,0.05001,93014,4652,360009,5932024,63.78,63.8
MEX,0,0,0,0,1,4004.01,1959,1961,4,2,5,5,0.00262,0.01301,88362,1150,438935,5572016,63.06,63.09
MEX,0,0,0,0,1,4004.01,1959,1961,4,2,10,5,0.0013,0.00648,87212,565,434648,5133081,58.86,58.88
MEX,0,0,0,0,1,4004.01,1959,1961,4,2,15,5,0.00179,0.00891,86647,772,431305,4698433,54.22,54.25
MEX,0,0,0,0,1,4004.01,1959,1961,4,2,20,5,0.00291,0.01445,85875,1241,426272,4267128,49.69,49.72
MEX,0,0,0,0,1,4004.01,1959,1961,4,2,25,5,0.00423,0.02094,84634,1772,418740,3840856,45.38,45.55
MEX,0,0,0,0,1,4004.01,1959,1961,4,2,30,5,0.00431,0.02134,82862,1768,409890,3422116,41.3,41.33
MEX,0,0,0,0,1,4004.01,1959,1961,4,2,35,5,0.00531,0.02618,81094,2123,400162,3012226,37.14,37.17
MEX,0,0,0,0,1,4004.01,1959,1961,4,2,40,5,0.00627,0.03085,78971,2436,388765,2612063,33.08,33.1
MEX,0,0,0,0,1,4004.01,1959,1961,4,2,45,5,0.00783,0.0384,76535,2939,375328,2223298,29.05,29.07
MEX,0,0,0,0,1,4004.01,1959,1961,4,2,50,5,0.0103,0.05021,73596,3695,358742,1847971,25.11,25.12
MEX,0,0,0,0,1,4004.01,1959,1961,4,2,55,5,0.01454,0.07013,69901,4902,337250,1489228,21.3,21.31
MEX,0,0,0,0,1,4004.01,1959,1961,4,2,60,5,0.02097,0.09962,64999,6475,308808,1151978,17.72,17.71
MEX,0,0,0,0,1,4004.01,1959,1961,4,2,65,5,0.03113,0.1444,58524,8451,271492,843171,14.41,14.38
MEX,0,0,0,0,1,4004.01,1959,1961,4,2,70,5,0.04792,0.21395,50073,10713,223582,571678,11.42,11.36
MEX,0,0,0,0,1,4004.01,1959,1961,4,2,75,5,0.07259,0.30722,39360,12092,166570,348096,8.84,8.73
MEX,0,0,0,0,1,4004.01,1959,1961,4,2,80,5,0.11437,0.4447,27268,12126,106025,181526,6.66,6.47
MEX,0,0,0,0,1,4004.01,1959,1961,4,2,85,5,0.17253,0.60269,15142,9126,52895,75501,4.99,4.69
MEX,0,0,0,0,1,4004.01,1959,1961,4,2,90,5,0.24898,0.76729,6016,4616,18540,22606,3.76,3.3
MEX,0,0,0,0,1,4004.01,1959,1961,4,2,95,5,0.32917,0.90286,1400,1264,3840,4066,2.9,2.25
MEX,0,0,0,0,1,4004.01,1959,1961,4,2,100,99,0.60308,1,136,136,226,226,1.66,1.51
MEX,0,0,0,0,1,682.43,1959,1961,4,1,0,1,0.10924,0.102,100000,10200,93370,5568623,55.69,55.64
MEX,0,0,0,0,1,682.43,1959,1961,4,1,1,4,0.01379,0.05321,89800,4778,346518,5475253,60.97,60.92
MEX,0,0,0,0,1,682.43,1959,1961,4,1,5,5,0.00263,0.01306,85022,1110,422335,5128736,60.32,60.28
MEX,0,0,0,0,1,682.43,1959,1961,4,1,10,5,0.00155,0.00773,83912,649,417938,4706401,56.09,56.04
MEX,0,0,0,0,1,682.43,1959,1961,4,1,15,5,0.00248,0.01235,83263,1028,413745,4288463,51.51,51.46
MEX,0,0,0,0,1,682.43,1959,1961,4,1,20,5,0.00388,0.0192,82235,1579,407228,3874718,47.12,47.07
MEX,0,0,0,0,1,682.43,1959,1961,4,1,25,5,0.00489,0.02415,80656,1948,398410,3467491,42.99,42.94
MEX,0,0,0,0,1,682.43,1959,1961,4,1,30,5,0.00559,0.02758,78708,2171,388112,3069081,38.99,38.94
MEX,0,0,0,0,1,682.43,1959,1961,4,1,35,5,0.00718,0.03528,76537,2700,375935,2680968,35.03,34.97
MEX,0,0,0,0,1,682.43,1959,1961,4,1,40,5,0.00833,0.04081,73837,3013,361652,2305033,31.22,31.15
MEX,0,0,0,0,1,682.43,1959,1961,4,1,45,5,0.01087,0.05289,70824,3746,344755,1943381,27.44,27.37
MEX,0,0,0,0,1,682.43,1959,1961,4,1,50,5,0.01322,0.06399,67078,4292,324660,1598626,23.83,23.75
MEX,0,0,0,0,1,682.43,1959,1961,4,1,55,5,0.01913,0.09128,62786,5731,299602,1273966,20.29,20.2
MEX,0,0,0,0,1,682.43,1959,1961,4,1,60,5,0.0234,0.11054,57055,6307,269508,974363,17.08,16.97
MEX,0,0,0,0,1,682.43,1959,1961,4,1,65,5,0.03638,0.16673,50748,8461,232588,704856,13.89,13.76
MEX,0,0,0,0,1,682.43,1959,1961,4,1,70,5,0.0484,0.21588,42287,9129,188612,472268,11.17,10.99
MEX,0,0,0,0,1,682.43,1959,1961,4,1,75,5,0.06777,0.28976,33158,9608,141770,283656,8.55,8.33
MEX,0,0,0,0,1,682.43,1959,1961,4,1,80,5,0.10752,0.42369,23550,9978,92805,141886,6.02,5.7
MEX,0,0,0,0,1,682.43,1959,1961,4,1,85,99,0.27653,1,13572,13572,49081,49081,3.62,2.98
MEX,0,0,0,0,1,682.43,1959,1961,4,2,0,1,0.09487,0.0891,100000,8910,93917,5876199,58.76,58.61
MEX,0,0,0,0,1,682.43,1959,1961,4,2,1,4,0.01447,0.05575,91090,5078,351051,5782282,63.48,63.31
MEX,0,0,0,0,1,682.43,1959,1961,4,2,5,5,0.00256,0.01274,86012,1096,427320,5431232,63.15,62.97
MEX,0,0,0,0,1,682.43,1959,1961,4,2,10,5,0.00129,0.00644,84916,547,423212,5003912,58.93,58.75
MEX,0,0,0,0,1,682.43,1959,1961,4,2,15,5,0.00191,0.00949,84369,801,419842,4580699,54.29,54.12
MEX,0,0,0,0,1,682.43,1959,1961,4,2,20,5,0.00301,0.01492,83568,1247,414722,4160857,49.79,49.61
MEX,0,0,0,0,1,682.43,1959,1961,4,2,25,5,0.00359,0.0178,82321,1465,407942,3746134,45.51,45.32
MEX,0,0,0,0,1,682.43,1959,1961,4,2,30,5,0.00424,0.021,80856,1698,400035,3338192,41.29,41.1
MEX,0,0,0,0,1,682.43,1959,1961,4,2,35,5,0.00538,0.02657,79158,2103,390532,2938157,37.12,36.93
MEX,0,0,0,0,1,682.43,1959,1961,4,2,40,5,0.00611,0.03011,77055,2320,379475,2547624,33.06,32.86
MEX,0,0,0,0,1,682.43,1959,1961,4,2,45,5,0.00779,0.0382,74735,2855,366538,2168149,29.01,28.8
MEX,0,0,0,0,1,682.43,1959,1961,4,2,50,5,0.00983,0.04795,71880,3447,350782,1801612,25.06,24.85
MEX,0,0,0,0,1,682.43,1959,1961,4,2,55,5,0.01491,0.07187,68433,4918,329870,1450829,21.2,20.96
MEX,0,0,0,0,1,682.43,1959,1961,4,2,60,5,0.02026,0.09642,63515,6124,302265,1120959,17.65,17.39
MEX,0,0,0,0,1,682.43,1959,1961,4,2,65,5,0.03236,0.14971,57391,8592,265475,818694,14.27,13.96
MEX,0,0,0,0,1,682.43,1959,1961,4,2,70,5,0.04592,0.20595,48799,10050,218870,553219,11.34,10.96
MEX,0,0,0,0,1,682.43,1959,1961,4,2,75,5,0.06557,0.28166,38749,10914,166460,334349,8.63,8.14
MEX,0,0,0,0,1,682.43,1959,1961,4,2,80,5,0.11495,0.44645,27835,12427,108108,167889,6.03,5.34
MEX,0,0,0,0,1,682.43,1959,1961,4,2,85,99,0.25774,1,15408,15408,59782,59782,3.88,2.57
MEX,0,0,0,0,1,682.43,1962,1962,4,1,0,1,0.08268,0.07806,100000,7806,94412,5838069,58.38,58.27
MEX,0,0,0,0,1,682.43,1962,1962,4,1,1,4,0.01162,0.04514,92194,4162,358029,5743657,62.3,62.18
MEX,0,0,0,0,1,682.43,1962,1962,4,1,5,5,0.00228,0.01131,88032,996,437670,5385628,61.18,61.06
MEX,0,0,0,0,1,682.43,1962,1962,4,1,10,5,0.00144,0.00716,87036,623,433622,4947958,56.85,56.73
MEX,0,0,0,0,1,682.43,1962,1962,4,1,15,5,0.00216,0.01075,86413,929,429742,4514335,52.24,52.12
MEX,0,0,0,0,1,682.43,1962,1962,4,1,20,5,0.00342,0.01696,85484,1450,423795,4084593,47.78,47.66
MEX,0,0,0,0,1,682.43,1962,1962,4,1,25,5,0.00439,0.02171,84034,1824,415610,3660798,43.56,43.43
MEX,0,0,0,0,1,682.43,1962,1962,4,1,30,5,0.0051,0.02517,82210,2069,405878,3245188,39.47,39.34
MEX,0,0,0,0,1,682.43,1962,1962,4,1,35,5,0.00694,0.03413,80141,2735,393868,2839310,35.43,35.29
MEX,0,0,0,0,1,682.43,1962,1962,4,1,40,5,0.00751,0.03684,77406,2852,379900,2445443,31.59,31.45
MEX,0,0,0,0,1,682.43,1962,1962,4,1,45,5,0.00986,0.04813,74554,3588,363800,2065543,27.71,27.55
MEX,0,0,0,0,1,682.43,1962,1962,4,1,50,5,0.01294,0.06265,70966,4446,343715,1701743,23.98,23.81
MEX,0,0,0,0,1,682.43,1962,1962,4,1,55,5,0.01648,0.07913,66520,5264,319440,1358028,20.42,20.23
MEX,0,0,0,0,1,682.43,1962,1962,4,1,60,5,0.0283,0.13215,61256,8095,286042,1038588,16.95,16.74
MEX,0,0,0,0,1,682.43,1962,1962,4,1,65,5,0.03062,0.14223,53161,7561,246902,752545,14.16,13.9
MEX,0,0,0,0,1,682.43,1962,1962,4,1,70,5,0.05242,0.23173,45600,10567,201582,505643,11.09,10.78
MEX,0,0,0,0,1,682.43,1962,1962,4,1,75,5,0.06776,0.28973,35033,10150,149790,304060,8.68,8.27
MEX,0,0,0,0,1,682.43,1962,1962,4,1,80,5,0.09847,0.39509,24883,9831,99838,154270,6.2,5.62
MEX,0,0,0,0,1,682.43,1962,1962,4,1,85,99,0.27653,1,15052,15052,54433,54433,3.62,2.6
MEX,0,0,0,0,1,682.43,1962,1962,4,2,0,1,0.07124,0.06764,100000,6764,94947,6137291,61.37,61.12
MEX,0,0,0,0,1,682.43,1962,1962,4,2,1,4,0.01235,0.04788,93236,4464,361400,6042344,64.81,64.52
MEX,0,0,0,0,1,682.43,1962,1962,4,2,5,5,0.00227,0.01128,88772,1001,441358,5680944,63.99,63.7
MEX,0,0,0,0,1,682.43,1962,1962,4,2,10,5,0.00121,0.00603,87771,529,437532,5239587,59.7,59.4
MEX,0,0,0,0,1,682.43,1962,1962,4,2,15,5,0.00177,0.00881,87242,769,434288,4802054,55.04,54.75
MEX,0,0,0,0,1,682.43,1962,1962,4,2,20,5,0.00272,0.01352,86473,1169,429442,4367767,50.51,50.21
MEX,0,0,0,0,1,682.43,1962,1962,4,2,25,5,0.00337,0.0167,85304,1425,422958,3938324,46.17,45.86
MEX,0,0,0,0,1,682.43,1962,1962,4,2,30,5,0.0038,0.01882,83879,1579,415448,3515367,41.91,41.6
MEX,0,0,0,0,1,682.43,1962,1962,4,2,35,5,0.00541,0.02667,82300,2195,406012,3099919,37.67,37.34
MEX,0,0,0,0,1,682.43,1962,1962,4,2,40,5,0.00522,0.02574,80105,2062,395370,2693907,33.63,33.3
MEX,0,0,0,0,1,682.43,1962,1962,4,2,45,5,0.00688,0.0338,78043,2638,383620,2298537,29.45,29.11
MEX,0,0,0,0,1,682.43,1962,1962,4,2,50,5,0.00936,0.04575,75405,3450,368400,1914917,25.4,25.04
MEX,0,0,0,0,1,682.43,1962,1962,4,2,55,5,0.0129,0.0625,71955,4497,348532,1546517,21.49,21.11
MEX,0,0,0,0,1,682.43,1962,1962,4,2,60,5,0.02402,0.11329,67458,7642,318185,1197984,17.76,17.34
MEX,0,0,0,0,1,682.43,1962,1962,4,2,65,5,0.02625,0.12318,59816,7368,280660,879799,14.71,14.23
MEX,0,0,0,0,1,682.43,1962,1962,4,2,70,5,0.04757,0.21255,52448,11148,234370,599139,11.42,10.86
MEX,0,0,0,0,1,682.43,1962,1962,4,2,75,5,0.06226,0.26937,41300,11125,178688,364769,8.83,8.1
MEX,0,0,0,0,1,682.43,1962,1962,4,2,80,5,0.11089,0.4341,30175,13099,118128,186082,6.17,5.15
MEX,0,0,0,0,1,682.43,1962,1962,4,2,85,99,0.25129,1,17076,17076,67954,67954,3.98,2.11
MEX,0,0,0,0,1,4000.86,1960,1960,4,1,0,1,0.11485,0.10687,100000,10687,93053,5481080,54.81,54.85
MEX,0,0,0,0,1,4000.86,1960,1960,4,1,1,4,0.01476,0.05683,89313,5076,343811,5388026,60.33,60.35
MEX,0,0,0,0,1,4000.86,1960,1960,4,1,5,5,0.0028,0.0139,84237,1171,418258,5044216,59.88,59.89
MEX,0,0,0,0,1,4000.86,1960,1960,4,1,10,5,0.00164,0.00817,83066,679,413632,4625958,55.69,55.69
MEX,0,0,0,0,1,4000.86,1960,1960,4,1,15,5,0.00258,0.01282,82387,1056,409295,4212326,51.13,51.13
MEX,0,0,0,0,1,4000.86,1960,1960,4,1,20,5,0.00393,0.01948,81331,1584,402695,3803031,46.76,46.76
MEX,0,0,0,0,1,4000.86,1960,1960,4,1,25,5,0.0051,0.02518,79747,2008,393715,3400336,42.64,42.64
MEX,0,0,0,0,1,4000.86,1960,1960,4,1,30,5,0.0061,0.03002,77739,2334,382860,3006621,38.68,38.68
MEX,0,0,0,0,1,4000.86,1960,1960,4,1,35,5,0.00715,0.03513,75405,2649,370402,2623761,34.8,34.8
MEX,0,0,0,0,1,4000.86,1960,1960,4,1,40,5,0.00855,0.04184,72756,3044,356170,2253358,30.97,30.98
MEX,0,0,0,0,1,4000.86,1960,1960,4,1,45,5,0.01067,0.05194,69712,3621,339508,1897188,27.21,27.22
MEX,0,0,0,0,1,4000.86,1960,1960,4,1,50,5,0.01388,0.06706,66091,4432,319375,1557681,23.57,23.57
MEX,0,0,0,0,1,4000.86,1960,1960,4,1,55,5,0.01883,0.0899,61659,5543,294438,1238306,20.08,20.09
MEX,0,0,0,0,1,4000.86,1960,1960,4,1,60,5,0.02613,0.12266,56116,6883,263372,943868,16.82,16.83
MEX,0,0,0,0,1,4000.86,1960,1960,4,1,65,5,0.03713,0.16989,49233,8364,225255,680496,13.82,13.83
MEX,0,0,0,0,1,4000.86,1960,1960,4,1,70,5,0.05276,0.23306,40869,9525,180532,455241,11.14,11.15
MEX,0,0,0,0,1,4000.86,1960,1960,4,1,75,5,0.07477,0.31496,31344,9872,132040,274708,8.76,8.77
MEX,0,0,0,0,1,4000.86,1960,1960,4,1,80,5,0.12042,0.46279,21472,9937,82518,142668,6.64,6.66
MEX,0,0,0,0,1,4000.86,1960,1960,4,1,85,5,0.16893,0.59384,11535,6850,40550,60151,5.21,5.24
MEX,0,0,0,0,1,4000.86,1960,1960,4,1,90,5,0.21961,0.70886,4685,3321,15122,19601,4.18,4.25
MEX,0,0,0,0,1,4000.86,1960,1960,4,1,95,5,0.26618,0.79912,1364,1090,4095,4478,3.28,3.52
MEX,0,0,0,0,1,4000.86,1960,1960,4,1,100,99,0.71497,1,274,274,383,383,1.4,2.6
MEX,0,0,0,0,1,4000.86,1960,1960,4,2,0,1,0.08713,0.0821,100000,8210,94223,5892515,58.93,58.95
MEX,0,0,0,0,1,4000.86,1960,1960,4,2,1,4,0.01516,0.05835,91790,5356,353183,5798292,63.17,63.21
MEX,0,0,0,0,1,4000.86,1960,1960,4,2,5,5,0.00275,0.01366,86434,1181,429218,5445109,63,63
MEX,0,0,0,0,1,4000.86,1960,1960,4,2,10,5,0.00139,0.00692,85253,590,424790,5015892,58.84,58.84
MEX,0,0,0,0,1,4000.86,1960,1960,4,2,15,5,0.002,0.00993,84663,841,421212,4591102,54.23,54.23
MEX,0,0,0,0,1,4000.86,1960,1960,4,2,20,5,0.00297,0.01475,83822,1236,416020,4169889,49.75,49.75
MEX,0,0,0,0,1,4000.86,1960,1960,4,2,25,5,0.00382,0.01891,82586,1562,409025,3753869,45.45,45.46
MEX,0,0,0,0,1,4000.86,1960,1960,4,2,30,5,0.00455,0.02249,81024,1822,400565,3344844,41.28,41.29
MEX,0,0,0,0,1,4000.86,1960,1960,4,2,35,5,0.0053,0.02616,79202,2072,390830,2944279,37.17,37.18
MEX,0,0,0,0,1,4000.86,1960,1960,4,2,40,5,0.00627,0.03084,77130,2379,379702,2553449,33.11,33.11
MEX,0,0,0,0,1,4000.86,1960,1960,4,2,45,5,0.00785,0.0385,74751,2878,366560,2173747,29.08,29.08
MEX,0,0,0,0,1,4000.86,1960,1960,4,2,50,5,0.01047,0.05099,71873,3665,350202,1807187,25.14,25.15
MEX,0,0,0,0,1,4000.86,1960,1960,4,2,55,5,0.01475,0.07115,68208,4853,328908,1456984,21.36,21.37
MEX,0,0,0,0,1,4000.86,1960,1960,4,2,60,5,0.02153,0.10217,63355,6473,300592,1128077,17.81,17.81
MEX,0,0,0,0,1,4000.86,1960,1960,4,2,65,5,0.03203,0.14827,56882,8434,263325,827484,14.55,14.55
MEX,0,0,0,0,1,4000.86,1960,1960,4,2,70,5,0.04694,0.21004,48448,10176,216800,564159,11.64,11.65
MEX,0,0,0,0,1,4000.86,1960,1960,4,2,75,5,0.06856,0.29264,38272,11200,163360,347359,9.08,9.09
MEX,0,0,0,0,1,4000.86,1960,1960,4,2,80,5,0.11514,0.44703,27072,12102,105105,183999,6.8,6.81
MEX,0,0,0,0,1,4000.86,1960,1960,4,2,85,5,0.16581,0.58611,14970,8774,52915,78894,5.27,5.29
MEX,0,0,0,0,1,4000.86,1960,1960,4,2,90,5,0.21937,0.70836,6196,4389,20008,25979,4.19,4.25
MEX,0,0,0,0,1,4000.86,1960,1960,4,2,95,5,0.26833,0.80299,1807,1451,5408,5972,3.3,3.5
MEX,0,0,0,0,1,4000.86,1960,1960,4,2,100,99,0.63078,1,356,356,564,564,1.59,2.6
MEX,0,0,0,0,1,4000.87,1970,1970,4,1,0,1,0.0882,0.08307,100000,8307,94179,5909309,59.09,59.14
MEX,0,0,0,0,1,4000.87,1970,1970,4,1,1,4,0.00951,0.03713,91693,3405,357928,5815130,63.42,63.45
MEX,0,0,0,0,1,4000.87,1970,1970,4,1,5,5,0.00194,0.00966,88288,853,439308,5457202,61.81,61.82
MEX,0,0,0,0,1,4000.87,1970,1970,4,1,10,5,0.00124,0.00618,87435,540,435825,5017895,57.39,57.4
MEX,0,0,0,0,1,4000.87,1970,1970,4,1,15,5,0.00208,0.01033,86895,898,432230,4582070,52.73,52.74
MEX,0,0,0,0,1,4000.87,1970,1970,4,1,20,5,0.00322,0.01598,85997,1374,426550,4149840,48.26,48.26
MEX,0,0,0,0,1,4000.87,1970,1970,4,1,25,5,0.00428,0.02119,84623,1793,418632,3723290,44,44.01
MEX,0,0,0,0,1,4000.87,1970,1970,4,1,30,5,0.00516,0.02547,82830,2110,408875,3304657,39.9,39.9
MEX,0,0,0,0,1,4000.87,1970,1970,4,1,35,5,0.00612,0.03013,80720,2432,397520,2895782,35.87,35.88
MEX,0,0,0,0,1,4000.87,1970,1970,4,1,40,5,0.00748,0.03671,78288,2874,384255,2498262,31.91,31.92
MEX,0,0,0,0,1,4000.87,1970,1970,4,1,45,5,0.00959,0.04681,75414,3530,368245,2114007,28.03,28.04
MEX,0,0,0,0,1,4000.87,1970,1970,4,1,50,5,0.01282,0.06209,71884,4463,348262,1745762,24.29,24.29
MEX,0,0,0,0,1,4000.87,1970,1970,4,1,55,5,0.01764,0.08447,67421,5695,322868,1397500,20.73,20.74
MEX,0,0,0,0,1,4000.87,1970,1970,4,1,60,5,0.0247,0.11632,61726,7180,290680,1074632,17.41,17.42
MEX,0,0,0,0,1,4000.87,1970,1970,4,1,65,5,0.03485,0.16031,54546,8744,250870,783952,14.37,14.38
MEX,0,0,0,0,1,4000.87,1970,1970,4,1,70,5,0.04928,0.21938,45802,10048,203890,533082,11.64,11.65
MEX,0,0,0,0,1,4000.87,1970,1970,4,1,75,5,0.06937,0.2956,35754,10569,152348,329192,9.21,9.22
MEX,0,0,0,0,1,4000.87,1970,1970,4,1,80,5,0.11136,0.43554,25185,10969,98502,176845,7.02,7.05
MEX,0,0,0,0,1,4000.87,1970,1970,4,1,85,5,0.15675,0.5631,14216,8005,51068,78342,5.51,5.55
MEX,0,0,0,0,1,4000.87,1970,1970,4,1,90,5,0.20566,0.67912,6211,4218,20510,27275,4.39,4.49
MEX,0,0,0,0,1,4000.87,1970,1970,4,1,95,5,0.25237,0.77371,1993,1542,6110,6765,3.39,3.7
MEX,0,0,0,0,1,4000.87,1970,1970,4,1,100,99,0.68906,1,451,451,655,655,1.45,2.8
MEX,0,0,0,0,1,4000.87,1970,1970,4,2,0,1,0.06826,0.06491,100000,6491,95098,6381346,63.81,63.85
MEX,0,0,0,0,1,4000.87,1970,1970,4,2,1,4,0.00956,0.03733,93509,3491,365024,6286248,67.23,67.25
MEX,0,0,0,0,1,4000.87,1970,1970,4,2,5,5,0.00179,0.00893,90018,804,448080,5921225,65.78,65.79
MEX,0,0,0,0,1,4000.87,1970,1970,4,2,10,5,0.00098,0.0049,89214,437,444978,5473145,61.35,61.36
MEX,0,0,0,0,1,4000.87,1970,1970,4,2,15,5,0.00137,0.00685,88777,608,442365,5028167,56.64,56.65
MEX,0,0,0,0,1,4000.87,1970,1970,4,2,20,5,0.00207,0.0103,88169,908,438575,4585802,52.01,52.02
MEX,0,0,0,0,1,4000.87,1970,1970,4,2,25,5,0.00276,0.01372,87261,1197,433312,4147227,47.53,47.54
MEX,0,0,0,0,1,4000.87,1970,1970,4,2,30,5,0.0034,0.01684,86064,1449,426698,3713915,43.15,43.16
MEX,0,0,0,0,1,4000.87,1970,1970,4,2,35,5,0.0041,0.02032,84615,1719,418778,3287217,38.85,38.86
MEX,0,0,0,0,1,4000.87,1970,1970,4,2,40,5,0.00508,0.0251,82896,2081,409278,2868440,34.6,34.61
MEX,0,0,0,0,1,4000.87,1970,1970,4,2,45,5,0.00663,0.03261,80815,2635,397488,2459162,30.43,30.44
MEX,0,0,0,0,1,4000.87,1970,1970,4,2,50,5,0.00908,0.04438,78180,3470,382225,2061675,26.37,26.38
MEX,0,0,0,0,1,4000.87,1970,1970,4,2,55,5,0.01296,0.06276,74710,4689,361828,1679450,22.48,22.49
MEX,0,0,0,0,1,4000.87,1970,1970,4,2,60,5,0.01899,0.09066,70021,6348,334235,1317622,18.82,18.83
MEX,0,0,0,0,1,4000.87,1970,1970,4,2,65,5,0.02827,0.132,63673,8405,297352,983387,15.44,15.46
MEX,0,0,0,0,1,4000.87,1970,1970,4,2,70,5,0.04218,0.1908,55268,10545,249978,686035,12.41,12.43
MEX,0,0,0,0,1,4000.87,1970,1970,4,2,75,5,0.06117,0.26528,44723,11864,193955,436057,9.75,9.77
MEX,0,0,0,0,1,4000.87,1970,1970,4,2,80,5,0.10232,0.40738,32859,13386,130830,242102,7.37,7.39
MEX,0,0,0,0,1,4000.87,1970,1970,4,2,85,5,0.14832,0.54101,19473,10535,71028,111272,5.71,5.76
MEX,0,0,0,0,1,4000.87,1970,1970,4,2,90,5,0.19911,0.66469,8938,5941,29838,40245,4.5,4.59
MEX,0,0,0,0,1,4000.87,1970,1970,4,2,95,5,0.24835,0.7661,2997,2296,9245,10407,3.47,3.74
MEX,0,0,0,0,1,4000.87,1970,1970,4,2,100,99,0.60308,1,701,701,1162,1162,1.66,2.8
MEX,0,0,0,0,2,4000.88,1980,1980,4,1,0,1,0.06142,0.05863,100000,5863,95461,6331019,63.31,63.34
MEX,0,0,0,0,2,4000.88,1980,1980,4,1,1,4,0.00373,0.0148,94137,1393,373033,6235558,66.24,66.25
MEX,0,0,0,0,2,4000.88,1980,1980,4,1,5,5,0.00111,0.00551,92744,511,462442,5862525,63.21,63.22
MEX,0,0,0,0,2,4000.88,1980,1980,4,1,10,5,0.00093,0.00464,92233,428,460095,5400083,58.55,58.56
MEX,0,0,0,0,2,4000.88,1980,1980,4,1,15,5,0.00199,0.00991,91805,910,456750,4939988,53.81,53.82
MEX,0,0,0,0,2,4000.88,1980,1980,4,1,20,5,0.00328,0.01625,90895,1477,450782,4483238,49.32,49.33
MEX,0,0,0,0,2,4000.88,1980,1980,4,1,25,5,0.00428,0.02117,89418,1893,442358,4032455,45.1,45.11
MEX,0,0,0,0,2,4000.88,1980,1980,4,1,30,5,0.00489,0.02415,87525,2114,432340,3590098,41.02,41.03
MEX,0,0,0,0,2,4000.88,1980,1980,4,1,35,5,0.00554,0.02731,85411,2333,421222,3157758,36.97,36.98
MEX,0,0,0,0,2,4000.88,1980,1980,4,1,40,5,0.00668,0.03285,83078,2729,408568,2736535,32.94,32.95
MEX,0,0,0,0,2,4000.88,1980,1980,4,1,45,5,0.00862,0.0422,80349,3391,393268,2327968,28.97,28.98
MEX,0,0,0,0,2,4000.88,1980,1980,4,1,50,5,0.01167,0.05669,76958,4363,373882,1934700,25.14,25.15
MEX,0,0,0,0,2,4000.88,1980,1980,4,1,55,5,0.01621,0.07788,72595,5654,348840,1560818,21.5,21.51
MEX,0,0,0,0,2,4000.88,1980,1980,4,1,60,5,0.02276,0.10769,66941,7209,316682,1211978,18.11,18.12
MEX,0,0,0,0,2,4000.88,1980,1980,4,1,65,5,0.03209,0.14855,59732,8873,276478,895295,14.99,15
MEX,0,0,0,0,2,4000.88,1980,1980,4,1,70,5,0.04522,0.20315,50859,10332,228465,618818,12.17,12.18
MEX,0,0,0,0,2,4000.88,1980,1980,4,1,75,5,0.0634,0.27362,40527,11089,174912,390353,9.63,9.65
MEX,0,0,0,0,2,4000.88,1980,1980,4,1,80,5,0.10422,0.41338,29438,12169,116768,215440,7.32,7.35
MEX,0,0,0,0,2,4000.88,1980,1980,4,1,85,5,0.14872,0.54207,17269,9361,62942,98673,5.71,5.77
MEX,0,0,0,0,2,4000.88,1980,1980,4,1,90,5,0.19762,0.66136,7908,5230,26465,35730,4.52,4.63
MEX,0,0,0,0,2,4000.88,1980,1980,4,1,95,5,0.2453,0.76027,2678,2036,8300,9265,3.46,3.79
MEX,0,0,0,0,2,4000.88,1980,1980,4,1,100,99,0.66495,1,642,642,965,965,1.5,2.9
MEX,0,0,0,0,2,4000.88,1980,1980,4,2,0,1,0.04665,0.04494,100000,4494,96337,6984136,69.84,69.88
MEX,0,0,0,0,2,4000.88,1980,1980,4,2,1,4,0.00356,0.01409,95506,1346,378593,6887800,72.12,72.14
MEX,0,0,0,0,2,4000.88,1980,1980,4,2,5,5,0.00087,0.00436,94160,411,469772,6509207,69.13,69.14
MEX,0,0,0,0,2,4000.88,1980,1980,4,2,10,5,0.00062,0.00307,93749,288,468025,6039434,64.42,64.44
MEX,0,0,0,0,2,4000.88,1980,1980,4,2,15,5,0.00092,0.00459,93461,429,466232,5571409,59.61,59.63
MEX,0,0,0,0,2,4000.88,1980,1980,4,2,20,5,0.0013,0.0065,93032,605,463648,5105177,54.88,54.89
MEX,0,0,0,0,2,4000.88,1980,1980,4,2,25,5,0.00171,0.00849,92427,785,460172,4641529,50.22,50.23
MEX,0,0,0,0,2,4000.88,1980,1980,4,2,30,5,0.00214,0.01065,91642,976,455770,4181357,45.63,45.64
MEX,0,0,0,0,2,4000.88,1980,1980,4,2,35,5,0.00273,0.01353,90666,1227,450262,3725587,41.09,41.11
MEX,0,0,0,0,2,4000.88,1980,1980,4,2,40,5,0.00361,0.0179,89439,1601,443192,3275324,36.62,36.64
MEX,0,0,0,0,2,4000.88,1980,1980,4,2,45,5,0.00501,0.02476,87838,2175,433752,2832132,32.24,32.26
MEX,0,0,0,0,2,4000.88,1980,1980,4,2,50,5,0.00721,0.03539,85663,3032,420735,2398379,28,28.01
MEX,0,0,0,0,2,4000.88,1980,1980,4,2,55,5,0.0106,0.05163,82631,4266,402490,1977644,23.93,23.95
MEX,0,0,0,0,2,4000.88,1980,1980,4,2,60,5,0.01581,0.07603,78365,5958,376930,1575154,20.1,20.12
MEX,0,0,0,0,2,4000.88,1980,1980,4,2,65,5,0.02372,0.11198,72407,8108,341765,1198224,16.55,16.57
MEX,0,0,0,0,2,4000.88,1980,1980,4,2,70,5,0.03567,0.16375,64299,10529,295172,856459,13.32,13.34
MEX,0,0,0,0,2,4000.88,1980,1980,4,2,75,5,0.05318,0.23468,53770,12619,237302,561287,10.44,10.46
MEX,0,0,0,0,2,4000.88,1980,1980,4,2,80,5,0.09137,0.3719,41151,15304,167495,323984,7.87,7.91
MEX,0,0,0,0,2,4000.88,1980,1980,4,2,85,5,0.13584,0.50702,25847,13105,96472,156489,6.05,6.11
MEX,0,0,0,0,2,4000.88,1980,1980,4,2,90,5,0.18668,0.6364,12742,8109,43438,60017,4.71,4.82
MEX,0,0,0,0,2,4000.88,1980,1980,4,2,95,5,0.2375,0.74509,4633,3452,14535,16579,3.58,3.88
MEX,0,0,0,0,2,4000.88,1980,1980,4,2,100,99,0.57771,1,1181,1181,2044,2044,1.73,2.9
MEX,0,0,0,0,1,225.2,1980,1980,1,1,0,1,0.06116,0.05839,100000,5839,95476,6375879,63.76,63.79
MEX,0,0,0,0,1,225.2,1980,1980,1,1,1,1,0.00644,0.00641,94161,604,93859,6280403,66.7,66.74
MEX,0,0,0,0,1,225.2,1980,1980,1,1,2,1,0.00322,0.00322,93557,301,93406,6186544,66.13,66.17
MEX,0,0,0,0,1,225.2,1980,1980,1,1,3,1,0.0021,0.0021,93256,196,93158,6093137,65.34,65.34
MEX,0,0,0,0,1,225.2,1980,1980,1,1,4,1,0.00155,0.00155,93060,144,92988,5999979,64.47,64.47
MEX,0,0,0,0,1,225.2,1980,1980,1,1,5,1,0.00124,0.00124,92916,115,92858,5906991,63.57,63.57
MEX,0,0,0,0,1,225.2,1980,1980,1,1,6,1,0.00105,0.00105,92801,97,92752,5814133,62.65,62.65
MEX,0,0,0,0,1,225.2,1980,1980,1,1,7,1,0.00094,0.00094,92704,87,92660,5721380,61.72,61.71
MEX,0,0,0,0,1,225.2,1980,1980,1,1,8,1,0.00084,0.00084,92617,78,92578,5628720,60.77,60.77
MEX,0,0,0,0,1,225.2,1980,1980,1,1,9,1,0.00081,0.00081,92539,75,92502,5536142,59.82,59.82
MEX,0,0,0,0,1,225.2,1980,1980,1,1,10,1,8e-04,8e-04,92464,74,92427,5443640,58.87,58.87
MEX,0,0,0,0,1,225.2,1980,1980,1,1,11,1,0.00083,0.00083,92390,77,92352,5351213,57.92,57.92
MEX,0,0,0,0,1,225.2,1980,1980,1,1,12,1,9e-04,9e-04,92313,83,92272,5258862,56.97,56.97
MEX,0,0,0,0,1,225.2,1980,1980,1,1,13,1,0.00101,0.00101,92230,93,92184,5166590,56.02,56.02
MEX,0,0,0,0,1,225.2,1980,1980,1,1,14,1,0.00118,0.00118,92137,109,92082,5074407,55.07,55.07
MEX,0,0,0,0,1,225.2,1980,1980,1,1,15,1,0.00139,0.00139,92028,128,91964,4982324,54.14,54.14
MEX,0,0,0,0,1,225.2,1980,1980,1,1,16,1,0.00164,0.00164,91900,151,91824,4890360,53.21,53.21
MEX,0,0,0,0,1,225.2,1980,1980,1,1,17,1,0.00193,0.00193,91749,177,91660,4798536,52.3,52.3
MEX,0,0,0,0,1,225.2,1980,1980,1,1,18,1,0.00225,0.00225,91572,206,91469,4706875,51.4,51.4
MEX,0,0,0,0,1,225.2,1980,1980,1,1,19,1,0.00258,0.00257,91366,235,91248,4615406,50.52,50.52
MEX,0,0,0,0,1,225.2,1980,1980,1,1,20,1,0.0029,0.0029,91131,264,90999,4524158,49.64,49.64
MEX,0,0,0,0,1,225.2,1980,1980,1,1,21,1,0.00322,0.00321,90867,292,90721,4433159,48.79,48.79
MEX,0,0,0,0,1,225.2,1980,1980,1,1,22,1,0.00351,0.0035,90575,317,90416,4342438,47.94,47.94
MEX,0,0,0,0,1,225.2,1980,1980,1,1,23,1,0.00377,0.00377,90258,340,90088,4252021,47.11,47.11
MEX,0,0,0,0,1,225.2,1980,1980,1,1,24,1,0.00401,0.004,89918,360,89738,4161933,46.29,46.29
MEX,0,0,0,0,1,225.2,1980,1980,1,1,25,1,0.00422,0.00421,89558,377,89370,4072195,45.47,45.47
MEX,0,0,0,0,1,225.2,1980,1980,1,1,26,1,0.00438,0.00437,89181,390,88986,3982826,44.66,44.66
MEX,0,0,0,0,1,225.2,1980,1980,1,1,27,1,0.00453,0.00452,88791,401,88590,3893840,43.85,43.85
MEX,0,0,0,0,1,225.2,1980,1980,1,1,28,1,0.00466,0.00465,88390,411,88184,3805249,43.05,43.05
MEX,0,0,0,0,1,225.2,1980,1980,1,1,29,1,0.00474,0.00473,87979,416,87771,3717065,42.25,42.25
MEX,0,0,0,0,1,225.2,1980,1980,1,1,30,1,0.00482,0.00481,87563,421,87352,3629294,41.45,41.45
MEX,0,0,0,0,1,225.2,1980,1980,1,1,31,1,0.00489,0.00488,87142,425,86930,3541941,40.65,40.65
MEX,0,0,0,0,1,225.2,1980,1980,1,1,32,1,0.00496,0.00495,86717,429,86502,3455012,39.84,39.84
MEX,0,0,0,0,1,225.2,1980,1980,1,1,33,1,0.00501,0.00499,86288,431,86072,3368509,39.04,39.04
MEX,0,0,0,0,1,225.2,1980,1980,1,1,34,1,0.00507,0.00505,85857,434,85640,3282437,38.23,38.23
MEX,0,0,0,0,1,225.2,1980,1980,1,1,35,1,0.00515,0.00514,85423,439,85204,3196797,37.42,37.42
MEX,0,0,0,0,1,225.2,1980,1980,1,1,36,1,0.00523,0.00521,84984,443,84762,3111593,36.61,36.61
MEX,0,0,0,0,1,225.2,1980,1980,1,1,37,1,0.00534,0.00532,84541,450,84316,3026831,35.8,35.8
MEX,0,0,0,0,1,225.2,1980,1980,1,1,38,1,0.00545,0.00543,84091,457,83862,2942515,34.99,34.99
MEX,0,0,0,0,1,225.2,1980,1980,1,1,39,1,0.0056,0.00558,83634,467,83400,2858652,34.18,34.18
MEX,0,0,0,0,1,225.2,1980,1980,1,1,40,1,0.00576,0.00575,83167,478,82928,2775252,33.37,33.37
MEX,0,0,0,0,1,225.2,1980,1980,1,1,41,1,0.00597,0.00595,82689,492,82443,2692324,32.56,32.56
MEX,0,0,0,0,1,225.2,1980,1980,1,1,42,1,0.0062,0.00618,82197,508,81943,2609881,31.75,31.75
MEX,0,0,0,0,1,225.2,1980,1980,1,1,43,1,0.00647,0.00645,81689,527,81426,2527938,30.95,30.95
MEX,0,0,0,0,1,225.2,1980,1980,1,1,44,1,0.00677,0.00675,81162,548,80888,2446512,30.14,30.14
MEX,0,0,0,0,1,225.2,1980,1980,1,1,45,1,0.00712,0.0071,80614,572,80328,2365624,29.35,29.35
MEX,0,0,0,0,1,225.2,1980,1980,1,1,46,1,0.0075,0.00747,80042,598,79743,2285296,28.55,28.55
MEX,0,0,0,0,1,225.2,1980,1980,1,1,47,1,0.00791,0.00788,79444,626,79131,2205553,27.76,27.76
MEX,0,0,0,0,1,225.2,1980,1980,1,1,48,1,0.0084,0.00836,78818,659,78488,2126422,26.98,26.98
MEX,0,0,0,0,1,225.2,1980,1980,1,1,49,1,0.00892,0.00888,78159,694,77812,2047934,26.2,26.2
MEX,0,0,0,0,1,225.2,1980,1980,1,1,50,1,0.00949,0.00945,77465,732,77099,1970122,25.43,25.43
MEX,0,0,0,0,1,225.2,1980,1980,1,1,51,1,0.01014,0.01009,76733,774,76346,1893023,24.67,24.67
MEX,0,0,0,0,1,225.2,1980,1980,1,1,52,1,0.01081,0.01076,75959,817,75550,1816677,23.92,23.92
MEX,0,0,0,0,1,225.2,1980,1980,1,1,53,1,0.01156,0.0115,75142,864,74710,1741126,23.17,23.17
MEX,0,0,0,0,1,225.2,1980,1980,1,1,54,1,0.01239,0.01232,74278,915,73820,1666416,22.43,22.43
MEX,0,0,0,0,1,225.2,1980,1980,1,1,55,1,0.0133,0.01321,73363,969,72878,1592596,21.71,21.71
MEX,0,0,0,0,1,225.2,1980,1980,1,1,56,1,0.01425,0.01414,72394,1024,71882,1519717,20.99,20.99
MEX,0,0,0,0,1,225.2,1980,1980,1,1,57,1,0.01529,0.01517,71370,1083,70828,1447835,20.29,20.29
MEX,0,0,0,0,1,225.2,1980,1980,1,1,58,1,0.01644,0.0163,70287,1146,69714,1377007,19.59,19.59
MEX,0,0,0,0,1,225.2,1980,1980,1,1,59,1,0.01767,0.01751,69141,1211,68536,1307293,18.91,18.91
MEX,0,0,0,0,1,225.2,1980,1980,1,1,60,1,0.01899,0.01881,67930,1278,67291,1238757,18.24,18.24
MEX,0,0,0,0,1,225.2,1980,1980,1,1,61,1,0.02042,0.02021,66652,1347,65978,1171466,17.58,17.58
MEX,0,0,0,0,1,225.2,1980,1980,1,1,62,1,0.02197,0.02173,65305,1419,64596,1105488,16.93,16.93
MEX,0,0,0,0,1,225.2,1980,1980,1,1,63,1,0.02363,0.02335,63886,1492,63140,1040892,16.29,16.29
MEX,0,0,0,0,1,225.2,1980,1980,1,1,64,1,0.02543,0.02511,62394,1567,61610,977752,15.67,15.67
MEX,0,0,0,0,1,225.2,1980,1980,1,1,65,1,0.02736,0.02699,60827,1642,60006,916142,15.06,15.06
MEX,0,0,0,0,1,225.2,1980,1980,1,1,66,1,0.02946,0.02903,59185,1718,58326,856136,14.47,14.47
MEX,0,0,0,0,1,225.2,1980,1980,1,1,67,1,0.03171,0.03122,57467,1794,56570,797810,13.88,13.88
MEX,0,0,0,0,1,225.2,1980,1980,1,1,68,1,0.03413,0.03355,55673,1868,54739,741240,13.31,13.31
MEX,0,0,0,0,1,225.2,1980,1980,1,1,69,1,0.03672,0.03606,53805,1940,52835,686501,12.76,12.76
MEX,0,0,0,0,1,225.2,1980,1980,1,1,70,1,0.03954,0.03877,51865,2011,50860,633666,12.22,12.22
MEX,0,0,0,0,1,225.2,1980,1980,1,1,71,1,0.04255,0.04166,49854,2077,48816,582806,11.69,11.69
MEX,0,0,0,0,1,225.2,1980,1980,1,1,72,1,0.0458,0.04477,47777,2139,46708,533991,11.18,11.18
MEX,0,0,0,0,1,225.2,1980,1980,1,1,73,1,0.04926,0.04807,45638,2194,44541,487283,10.68,10.68
MEX,0,0,0,0,1,225.2,1980,1980,1,1,74,1,0.05302,0.05165,43444,2244,42322,442742,10.19,10.19
MEX,0,0,0,0,1,225.2,1980,1980,1,1,75,1,0.05704,0.05546,41200,2285,40058,400420,9.72,9.72
MEX,0,0,0,0,1,225.2,1980,1980,1,1,76,1,0.06137,0.05954,38915,2317,37756,360363,9.26,9.26
MEX,0,0,0,0,1,225.2,1980,1980,1,1,77,1,0.06599,0.06388,36598,2338,35429,322606,8.81,8.81
MEX,0,0,0,0,1,225.2,1980,1980,1,1,78,1,0.07097,0.06853,34260,2348,33086,287177,8.38,8.38
MEX,0,0,0,0,1,225.2,1980,1980,1,1,79,1,0.07629,0.07348,31912,2345,30740,254091,7.96,7.96
MEX,0,0,0,0,1,225.2,1980,1980,1,1,80,1,0.082,0.07877,29567,2329,28402,223352,7.55,7.55
MEX,0,0,0,0,1,225.2,1980,1980,1,1,81,1,0.08824,0.08451,27238,2302,26087,194949,7.16,7.16
MEX,0,0,0,0,1,225.2,1980,1980,1,1,82,1,0.09498,0.09067,24936,2261,23806,168862,6.77,6.77
MEX,0,0,0,0,1,225.2,1980,1980,1,1,83,1,0.10246,0.09746,22675,2210,21570,145057,6.4,6.4
MEX,0,0,0,0,1,225.2,1980,1980,1,1,84,1,0.11072,0.10491,20465,2147,19392,123487,6.03,6.03
MEX,0,0,0,0,1,225.2,1980,1980,1,1,85,1,0.11971,0.11295,18318,2069,17284,104095,5.68,5.68
MEX,0,0,0,0,1,225.2,1980,1980,1,1,86,1,0.12976,0.12185,16249,1980,15259,86812,5.34,5.34
MEX,0,0,0,0,1,225.2,1980,1980,1,1,87,1,0.14064,0.1314,14269,1875,13332,71553,5.01,5.01
MEX,0,0,0,0,1,225.2,1980,1980,1,1,88,1,0.15267,0.14184,12394,1758,11515,58221,4.7,4.7
MEX,0,0,0,0,1,225.2,1980,1980,1,1,89,1,0.16586,0.15316,10636,1629,9822,46706,4.39,4.39
MEX,0,0,0,0,1,225.2,1980,1980,1,1,90,1,0.18021,0.16532,9007,1489,8262,36885,4.1,4.09
MEX,0,0,0,0,1,225.2,1980,1980,1,1,91,1,0.19584,0.17837,7518,1341,6848,28622,3.81,3.81
MEX,0,0,0,0,1,225.2,1980,1980,1,1,92,1,0.21259,0.19216,6177,1187,5584,21775,3.53,3.52
MEX,0,0,0,0,1,225.2,1980,1980,1,1,93,1,0.24194,0.21583,4990,1077,4452,16191,3.24,3.24
MEX,0,0,0,0,1,225.2,1980,1980,1,1,94,1,0.26643,0.23511,3913,920,3453,11740,3,3
MEX,0,0,0,0,1,225.2,1980,1980,1,1,95,1,0.29349,0.25593,2993,766,2610,8287,2.77,2.77
MEX,0,0,0,0,1,225.2,1980,1980,1,1,96,1,0.32403,0.27885,2227,621,1916,5677,2.55,2.55
MEX,0,0,0,0,1,225.2,1980,1980,1,1,97,1,0.35916,0.30448,1606,489,1362,3760,2.34,2.34
MEX,0,0,0,0,1,225.2,1980,1980,1,1,98,1,0.397,0.33124,1117,370,932,2399,2.15,2.15
MEX,0,0,0,0,1,225.2,1980,1980,1,1,99,1,0.44118,0.36145,747,270,612,1467,1.96,1.96
MEX,0,0,0,0,1,225.2,1980,1980,1,1,100,1,0.49086,0.39413,477,188,383,855,1.79,1.79
MEX,0,0,0,0,1,225.2,1980,1980,1,1,101,1,0.54626,0.42907,289,124,227,472,1.63,1.63
MEX,0,0,0,0,1,225.2,1980,1980,1,1,102,1,0.6087,0.46667,165,77,126,245,1.48,1.47
MEX,0,0,0,0,1,225.2,1980,1980,1,1,103,1,0.68702,0.51136,88,45,66,118,1.35,1.33
MEX,0,0,0,0,1,225.2,1980,1980,1,1,104,1,0.77419,0.55814,43,24,31,53,1.23,1.19
MEX,0,0,0,0,1,225.2,1980,1980,1,1,105,1,0.81481,0.57895,19,11,14,22,1.15,1.05
MEX,0,0,0,0,1,225.2,1980,1980,1,1,106,1,0.90909,0.625,8,5,6,8,1.05,0.88
MEX,0,0,0,0,1,225.2,1980,1980,1,1,107,1,1,0.66667,3,2,2,3,0.97,0.67
MEX,0,0,0,0,1,225.2,1980,1980,1,1,108,99,1.09778,1,1,1,1,1,0.91,1
MEX,0,0,0,0,1,225.2,1980,1980,1,2,0,1,0.04941,0.04751,100000,4751,96164,7003958,70.04,70.08
MEX,0,0,0,0,1,225.2,1980,1980,1,2,1,1,0.00736,0.00733,95249,698,94900,6907794,72.52,72.56
MEX,0,0,0,0,1,225.2,1980,1980,1,2,2,1,0.0035,0.00349,94551,330,94386,6812894,72.06,72.09
MEX,0,0,0,0,1,225.2,1980,1980,1,2,3,1,0.00212,0.00212,94221,200,94121,6718508,71.31,71.31
MEX,0,0,0,0,1,225.2,1980,1980,1,2,4,1,0.00145,0.00145,94021,136,93953,6624387,70.46,70.46
MEX,0,0,0,0,1,225.2,1980,1980,1,2,5,1,0.00108,0.00108,93885,101,93834,6530434,69.56,69.56
MEX,0,0,0,0,1,225.2,1980,1980,1,2,6,1,0.00083,0.00083,93784,78,93745,6436600,68.63,68.63
MEX,0,0,0,0,1,225.2,1980,1980,1,2,7,1,0.00069,0.00069,93706,65,93674,6342855,67.69,67.69
MEX,0,0,0,0,1,225.2,1980,1980,1,2,8,1,0.00061,0.00061,93641,57,93612,6249181,66.74,66.74
MEX,0,0,0,0,1,225.2,1980,1980,1,2,9,1,0.00057,0.00057,93584,53,93558,6155569,65.78,65.78
MEX,0,0,0,0,1,225.2,1980,1980,1,2,10,1,0.00053,0.00053,93531,50,93506,6062011,64.81,64.81
MEX,0,0,0,0,1,225.2,1980,1980,1,2,11,1,0.00055,0.00055,93481,51,93456,5968505,63.85,63.85
MEX,0,0,0,0,1,225.2,1980,1980,1,2,12,1,0.00057,0.00057,93430,53,93404,5875050,62.88,62.88
MEX,0,0,0,0,1,225.2,1980,1980,1,2,13,1,0.00061,0.00061,93377,57,93348,5781646,61.92,61.92
MEX,0,0,0,0,1,225.2,1980,1980,1,2,14,1,0.00065,0.00065,93320,61,93290,5688298,60.95,60.95
MEX,0,0,0,0,1,225.2,1980,1980,1,2,15,1,0.00071,0.00071,93259,66,93226,5595008,59.99,59.99
MEX,0,0,0,0,1,225.2,1980,1980,1,2,16,1,0.00078,0.00078,93193,73,93156,5501782,59.04,59.04
MEX,0,0,0,0,1,225.2,1980,1980,1,2,17,1,0.00085,0.00085,93120,79,93080,5408626,58.08,58.08
MEX,0,0,0,0,1,225.2,1980,1980,1,2,18,1,0.00092,0.00092,93041,86,92998,5315545,57.13,57.13
MEX,0,0,0,0,1,225.2,1980,1980,1,2,19,1,0.00101,0.00101,92955,94,92908,5222547,56.18,56.18
MEX,0,0,0,0,1,225.2,1980,1980,1,2,20,1,0.00109,0.00109,92861,101,92810,5129639,55.24,55.24
MEX,0,0,0,0,1,225.2,1980,1980,1,2,21,1,0.00118,0.00118,92760,109,92706,5036829,54.3,54.3
MEX,0,0,0,0,1,225.2,1980,1980,1,2,22,1,0.00126,0.00126,92651,117,92592,4944123,53.36,53.36
MEX,0,0,0,0,1,225.2,1980,1980,1,2,23,1,0.00134,0.00134,92534,124,92472,4851531,52.43,52.43
MEX,0,0,0,0,1,225.2,1980,1980,1,2,24,1,0.00143,0.00143,92410,132,92344,4759059,51.5,51.5
MEX,0,0,0,0,1,225.2,1980,1980,1,2,25,1,0.00151,0.00151,92278,139,92208,4666715,50.57,50.57
MEX,0,0,0,0,1,225.2,1980,1980,1,2,26,1,0.0016,0.0016,92139,147,92066,4574506,49.65,49.65
MEX,0,0,0,0,1,225.2,1980,1980,1,2,27,1,0.0017,0.0017,91992,156,91914,4482441,48.73,48.73
MEX,0,0,0,0,1,225.2,1980,1980,1,2,28,1,0.00178,0.00177,91836,163,91754,4390527,47.81,47.81
MEX,0,0,0,0,1,225.2,1980,1980,1,2,29,1,0.00188,0.00188,91673,172,91587,4298772,46.89,46.89
MEX,0,0,0,0,1,225.2,1980,1980,1,2,30,1,0.00196,0.00196,91501,179,91412,4207185,45.98,45.98
MEX,0,0,0,0,1,225.2,1980,1980,1,2,31,1,0.00205,0.00205,91322,187,91228,4115774,45.07,45.07
MEX,0,0,0,0,1,225.2,1980,1980,1,2,32,1,0.00215,0.00215,91135,196,91037,4024545,44.16,44.16
MEX,0,0,0,0,1,225.2,1980,1980,1,2,33,1,0.00226,0.00225,90939,205,90836,3933508,43.25,43.25
MEX,0,0,0,0,1,225.2,1980,1980,1,2,34,1,0.00235,0.00235,90734,213,90628,3842672,42.35,42.35
MEX,0,0,0,0,1,225.2,1980,1980,1,2,35,1,0.00247,0.00246,90521,223,90410,3752044,41.45,41.45
MEX,0,0,0,0,1,225.2,1980,1980,1,2,36,1,0.00258,0.00258,90298,233,90182,3661635,40.55,40.55
MEX,0,0,0,0,1,225.2,1980,1980,1,2,37,1,0.0027,0.0027,90065,243,89944,3571453,39.65,39.65
MEX,0,0,0,0,1,225.2,1980,1980,1,2,38,1,0.00284,0.00284,89822,255,89694,3481510,38.76,38.76
MEX,0,0,0,0,1,225.2,1980,1980,1,2,39,1,0.00299,0.00298,89567,267,89434,3391815,37.87,37.87
MEX,0,0,0,0,1,225.2,1980,1980,1,2,40,1,0.00313,0.00312,89300,279,89160,3302382,36.98,36.98
MEX,0,0,0,0,1,225.2,1980,1980,1,2,41,1,0.00331,0.0033,89021,294,88874,3213221,36.1,36.1
MEX,0,0,0,0,1,225.2,1980,1980,1,2,42,1,0.00349,0.00348,88727,309,88572,3124347,35.21,35.21
MEX,0,0,0,0,1,225.2,1980,1980,1,2,43,1,0.00367,0.00366,88418,324,88256,3035775,34.33,34.33
MEX,0,0,0,0,1,225.2,1980,1980,1,2,44,1,0.0039,0.00389,88094,343,87922,2947519,33.46,33.46
MEX,0,0,0,0,1,225.2,1980,1980,1,2,45,1,0.00413,0.00413,87751,362,87570,2859596,32.59,32.59
MEX,0,0,0,0,1,225.2,1980,1980,1,2,46,1,0.00438,0.00437,87389,382,87198,2772026,31.72,31.72
MEX,0,0,0,0,1,225.2,1980,1980,1,2,47,1,0.00468,0.00467,87007,406,86804,2684828,30.86,30.86
MEX,0,0,0,0,1,225.2,1980,1980,1,2,48,1,0.00498,0.00497,86601,430,86386,2598024,30,30
MEX,0,0,0,0,1,225.2,1980,1980,1,2,49,1,0.00533,0.00532,86171,458,85942,2511638,29.15,29.15
MEX,0,0,0,0,1,225.2,1980,1980,1,2,50,1,0.0057,0.00568,85713,487,85470,2425696,28.3,28.3
MEX,0,0,0,0,1,225.2,1980,1980,1,2,51,1,0.00611,0.00609,85226,519,84966,2340227,27.46,27.46
MEX,0,0,0,0,1,225.2,1980,1980,1,2,52,1,0.00656,0.00654,84707,554,84430,2255260,26.62,26.62
MEX,0,0,0,0,1,225.2,1980,1980,1,2,53,1,0.00706,0.00703,84153,592,83857,2170830,25.8,25.8
MEX,0,0,0,0,1,225.2,1980,1980,1,2,54,1,0.00762,0.00759,83561,634,83244,2086973,24.98,24.98
MEX,0,0,0,0,1,225.2,1980,1980,1,2,55,1,0.00822,0.00819,82927,679,82588,2003729,24.16,24.16
MEX,0,0,0,0,1,225.2,1980,1980,1,2,56,1,0.00889,0.00885,82248,728,81884,1921142,23.36,23.36
MEX,0,0,0,0,1,225.2,1980,1980,1,2,57,1,0.00961,0.00957,81520,780,81130,1839258,22.56,22.56
MEX,0,0,0,0,1,225.2,1980,1980,1,2,58,1,0.01043,0.01038,80740,838,80321,1758128,21.78,21.78
MEX,0,0,0,0,1,225.2,1980,1980,1,2,59,1,0.01133,0.01126,79902,900,79452,1677807,21,21
MEX,0,0,0,0,1,225.2,1980,1980,1,2,60,1,0.01229,0.01221,79002,965,78520,1598355,20.23,20.23
MEX,0,0,0,0,1,225.2,1980,1980,1,2,61,1,0.01338,0.01329,78037,1037,77518,1519835,19.48,19.48
MEX,0,0,0,0,1,225.2,1980,1980,1,2,62,1,0.01456,0.01445,77000,1113,76444,1442317,18.73,18.73
MEX,0,0,0,0,1,225.2,1980,1980,1,2,63,1,0.01587,0.01575,75887,1195,75290,1365873,18,18
MEX,0,0,0,0,1,225.2,1980,1980,1,2,64,1,0.01731,0.01716,74692,1282,74051,1290584,17.28,17.28
MEX,0,0,0,0,1,225.2,1980,1980,1,2,65,1,0.01888,0.0187,73410,1373,72724,1216533,16.57,16.57
MEX,0,0,0,0,1,225.2,1980,1980,1,2,66,1,0.02062,0.02041,72037,1470,71302,1143809,15.88,15.88
MEX,0,0,0,0,1,225.2,1980,1980,1,2,67,1,0.02254,0.02229,70567,1573,69780,1072507,15.2,15.2
MEX,0,0,0,0,1,225.2,1980,1980,1,2,68,1,0.02462,0.02432,68994,1678,68155,1002727,14.53,14.53
MEX,0,0,0,0,1,225.2,1980,1980,1,2,69,1,0.02693,0.02658,67316,1789,66422,934572,13.88,13.88
MEX,0,0,0,0,1,225.2,1980,1980,1,2,70,1,0.02945,0.02903,65527,1902,64576,868150,13.25,13.25
MEX,0,0,0,0,1,225.2,1980,1980,1,2,71,1,0.03224,0.03173,63625,2019,62616,803574,12.63,12.63
MEX,0,0,0,0,1,225.2,1980,1980,1,2,72,1,0.03528,0.03467,61606,2136,60538,740959,12.03,12.03
MEX,0,0,0,0,1,225.2,1980,1980,1,2,73,1,0.03863,0.0379,59470,2254,58343,680421,11.44,11.44
MEX,0,0,0,0,1,225.2,1980,1980,1,2,74,1,0.0423,0.04142,57216,2370,56031,622078,10.87,10.87
MEX,0,0,0,0,1,225.2,1980,1980,1,2,75,1,0.04632,0.04527,54846,2483,53604,566047,10.32,10.32
MEX,0,0,0,0,1,225.2,1980,1980,1,2,76,1,0.05072,0.04946,52363,2590,51068,512442,9.79,9.79
MEX,0,0,0,0,1,225.2,1980,1980,1,2,77,1,0.05555,0.05405,49773,2690,48428,461374,9.27,9.27
MEX,0,0,0,0,1,225.2,1980,1980,1,2,78,1,0.06084,0.05904,47083,2780,45693,412946,8.77,8.77
MEX,0,0,0,0,1,225.2,1980,1980,1,2,79,1,0.06664,0.06449,44303,2857,42874,367253,8.29,8.29
MEX,0,0,0,0,1,225.2,1980,1980,1,2,80,1,0.07295,0.07038,41446,2917,39988,324379,7.83,7.83
MEX,0,0,0,0,1,225.2,1980,1980,1,2,81,1,0.07984,0.07677,38529,2958,37050,284391,7.38,7.38
MEX,0,0,0,0,1,225.2,1980,1980,1,2,82,1,0.08741,0.08375,35571,2979,34082,247341,6.95,6.95
MEX,0,0,0,0,1,225.2,1980,1980,1,2,83,1,0.09565,0.09128,32592,2975,31104,213260,6.54,6.54
MEX,0,0,0,0,1,225.2,1980,1980,1,2,84,1,0.10464,0.09944,29617,2945,28144,182155,6.15,6.15
MEX,0,0,0,0,1,225.2,1980,1980,1,2,85,1,0.11452,0.10832,26672,2889,25228,154011,5.77,5.77
MEX,0,0,0,0,1,225.2,1980,1980,1,2,86,1,0.12495,0.11761,23783,2797,22384,128783,5.41,5.42
MEX,0,0,0,0,1,225.2,1980,1980,1,2,87,1,0.13663,0.12789,20986,2684,19644,106399,5.07,5.07
MEX,0,0,0,0,1,225.2,1980,1980,1,2,88,1,0.14926,0.13889,18302,2542,17031,86755,4.74,4.74
MEX,0,0,0,0,1,225.2,1980,1980,1,2,89,1,0.16283,0.15057,15760,2373,14574,69724,4.42,4.42
MEX,0,0,0,0,1,225.2,1980,1980,1,2,90,1,0.17763,0.16314,13387,2184,12295,55150,4.12,4.12
MEX,0,0,0,0,1,225.2,1980,1980,1,2,91,1,0.19366,0.17656,11203,1978,10214,42855,3.83,3.83
MEX,0,0,0,0,1,225.2,1980,1980,1,2,92,1,0.2109,0.19079,9225,1760,8345,32641,3.54,3.54
MEX,0,0,0,0,1,225.2,1980,1980,1,2,93,1,0.2404,0.2146,7465,1602,6664,24296,3.25,3.25
MEX,0,0,0,0,1,225.2,1980,1980,1,2,94,1,0.26502,0.23401,5863,1372,5177,17632,3.01,3.01
MEX,0,0,0,0,1,225.2,1980,1980,1,2,95,1,0.2925,0.25518,4491,1146,3918,12455,2.77,2.77
MEX,0,0,0,0,1,225.2,1980,1980,1,2,96,1,0.32332,0.27833,3345,931,2880,8537,2.55,2.55
MEX,0,0,0,0,1,225.2,1980,1980,1,2,97,1,0.358,0.30365,2414,733,2048,5658,2.34,2.34
MEX,0,0,0,0,1,225.2,1980,1980,1,2,98,1,0.39629,0.33076,1681,556,1403,3610,2.15,2.15
MEX,0,0,0,0,1,225.2,1980,1980,1,2,99,1,0.44035,0.36089,1125,406,922,2207,1.96,1.96
MEX,0,0,0,0,1,225.2,1980,1980,1,2,100,1,0.49436,0.39638,719,285,576,1285,1.79,1.79
MEX,0,0,0,0,1,225.2,1980,1980,1,2,101,1,0.54173,0.42627,434,185,342,709,1.63,1.63
MEX,0,0,0,0,1,225.2,1980,1980,1,2,102,1,0.61417,0.46988,249,117,190,367,1.47,1.47
MEX,0,0,0,0,1,225.2,1980,1980,1,2,103,1,0.6802,0.50758,132,67,98,177,1.34,1.33
MEX,0,0,0,0,1,225.2,1980,1980,1,2,104,1,0.76596,0.55385,65,36,47,78,1.2,1.2
MEX,0,0,0,0,1,225.2,1980,1980,1,2,105,1,0.9,0.62069,29,18,20,31,1.07,1.07
MEX,0,0,0,0,1,225.2,1980,1980,1,2,106,1,0.93333,0.63636,11,7,8,11,1.01,1
MEX,0,0,0,0,1,225.2,1980,1980,1,2,107,1,1.2,0.75,4,3,2,4,0.91,0.75
MEX,0,0,0,0,1,225.2,1980,1980,1,2,108,99,0.87412,1,1,1,1,1,1.14,1
MEX,0,0,0,0,1,225.2,1980,1980,2,1,0,1,0.06116,0.05839,100000,5839,95476,6375879,63.76,63.79
MEX,0,0,0,0,1,225.2,1980,1980,2,1,1,4,0.00333,0.01322,94161,1245,373412,6280403,66.7,66.74
MEX,0,0,0,0,1,225.2,1980,1980,2,1,5,5,0.00098,0.00486,92916,452,463351,5906991,63.57,63.57
MEX,0,0,0,0,1,225.2,1980,1980,2,1,10,5,0.00095,0.00472,92464,436,461316,5443640,58.87,58.87
MEX,0,0,0,0,1,225.2,1980,1980,2,1,15,5,0.00196,0.00975,92028,897,458166,4982324,54.14,54.14
MEX,0,0,0,0,1,225.2,1980,1980,2,1,20,5,0.00348,0.01726,91131,1573,451962,4524158,49.64,49.64
MEX,0,0,0,0,1,225.2,1980,1980,2,1,25,5,0.0045,0.02228,89558,1995,442902,4072195,45.47,45.47
MEX,0,0,0,0,1,225.2,1980,1980,2,1,30,5,0.00495,0.02444,87563,2140,432497,3629294,41.45,41.45
MEX,0,0,0,0,1,225.2,1980,1980,2,1,35,5,0.00535,0.02641,85423,2256,421545,3196797,37.42,37.42
MEX,0,0,0,0,1,225.2,1980,1980,2,1,40,5,0.00623,0.0307,83167,2553,409628,2775252,33.37,33.37
MEX,0,0,0,0,1,225.2,1980,1980,2,1,45,5,0.00796,0.03906,80614,3149,395502,2365624,29.35,29.35
MEX,0,0,0,0,1,225.2,1980,1980,2,1,50,5,0.01087,0.05295,77465,4102,377526,1970122,25.43,25.43
MEX,0,0,0,0,1,225.2,1980,1980,2,1,55,5,0.01535,0.07406,73363,5433,353838,1592596,21.71,21.71
MEX,0,0,0,0,1,225.2,1980,1980,2,1,60,5,0.02202,0.10456,67930,7103,322616,1238757,18.24,18.24
MEX,0,0,0,0,1,225.2,1980,1980,2,1,65,5,0.03173,0.14734,60827,8962,282476,916142,15.06,15.06
MEX,0,0,0,0,1,225.2,1980,1980,2,1,70,5,0.04572,0.20563,51865,10665,233246,633666,12.22,12.22
MEX,0,0,0,0,1,225.2,1980,1980,2,1,75,5,0.0657,0.28235,41200,11633,177068,400420,9.72,9.72
MEX,0,0,0,0,1,225.2,1980,1980,2,1,80,5,0.09433,0.38046,29567,11249,119256,223352,7.55,7.55
MEX,0,0,0,0,1,225.2,1980,1980,2,1,85,5,0.13853,0.5083,18318,9311,67210,104095,5.68,5.68
MEX,0,0,0,0,1,225.2,1980,1980,2,1,90,5,0.21029,0.6677,9007,6014,28598,36885,4.1,4.09
MEX,0,0,0,0,1,225.2,1980,1980,2,1,95,5,0.33854,0.84063,2993,2516,7432,8287,2.77,2.77
MEX,0,0,0,0,1,225.2,1980,1980,2,1,100,5,0.54982,0.96017,477,458,833,855,1.79,1.79
MEX,0,0,0,0,1,225.2,1980,1980,2,1,105,99,0.86715,1,19,19,22,22,1.15,1.05
MEX,0,0,0,0,1,225.2,1980,1980,2,2,0,1,0.04941,0.04751,100000,4751,96164,7003958,70.04,70.08
MEX,0,0,0,0,1,225.2,1980,1980,2,2,1,4,0.00361,0.01432,95249,1364,377360,6907794,72.52,72.56
MEX,0,0,0,0,1,225.2,1980,1980,2,2,5,5,0.00076,0.00377,93885,354,468423,6530434,69.56,69.56
MEX,0,0,0,0,1,225.2,1980,1980,2,2,10,5,0.00058,0.00291,93531,272,467003,6062011,64.81,64.81
MEX,0,0,0,0,1,225.2,1980,1980,2,2,15,5,0.00086,0.00427,93259,398,465369,5595008,59.99,59.99
MEX,0,0,0,0,1,225.2,1980,1980,2,2,20,5,0.00126,0.00628,92861,583,462924,5129639,55.24,55.24
MEX,0,0,0,0,1,225.2,1980,1980,2,2,25,5,0.00169,0.00842,92278,777,459530,4666715,50.57,50.57
MEX,0,0,0,0,1,225.2,1980,1980,2,2,30,5,0.00215,0.01071,91501,980,455141,4207185,45.98,45.98
MEX,0,0,0,0,1,225.2,1980,1980,2,2,35,5,0.00272,0.01349,90521,1221,449662,3752044,41.45,41.45
MEX,0,0,0,0,1,225.2,1980,1980,2,2,40,5,0.0035,0.01735,89300,1549,442786,3302382,36.98,36.98
MEX,0,0,0,0,1,225.2,1980,1980,2,2,45,5,0.0047,0.02322,87751,2038,433900,2859596,32.59,32.59
MEX,0,0,0,0,1,225.2,1980,1980,2,2,50,5,0.0066,0.0325,85713,2786,421967,2425696,28.3,28.3
MEX,0,0,0,0,1,225.2,1980,1980,2,2,55,5,0.00968,0.04733,82927,3925,405374,2003729,24.16,24.16
MEX,0,0,0,0,1,225.2,1980,1980,2,2,60,5,0.01465,0.07078,79002,5592,381822,1598355,20.23,20.23
MEX,0,0,0,0,1,225.2,1980,1980,2,2,65,5,0.02263,0.10738,73410,7883,348382,1216533,16.57,16.57
MEX,0,0,0,0,1,225.2,1980,1980,2,2,70,5,0.03536,0.163,65527,10681,302104,868150,13.25,13.25
MEX,0,0,0,0,1,225.2,1980,1980,2,2,75,5,0.05545,0.24432,54846,13400,241668,566047,10.32,10.32
MEX,0,0,0,0,1,225.2,1980,1980,2,2,80,5,0.08672,0.35646,41446,14774,170368,324379,7.83,7.83
MEX,0,0,0,0,1,225.2,1980,1980,2,2,85,5,0.13438,0.49809,26672,13285,98860,154011,5.77,5.77
MEX,0,0,0,0,1,225.2,1980,1980,2,2,90,5,0.20836,0.66453,13387,8896,42695,55150,4.12,4.12
MEX,0,0,0,0,1,225.2,1980,1980,2,2,95,5,0.33769,0.8399,4491,3772,11170,12455,2.77,2.77
MEX,0,0,0,0,1,225.2,1980,1980,2,2,100,5,0.55024,0.95967,719,690,1254,1285,1.79,1.79
MEX,0,0,0,0,1,225.2,1980,1980,2,2,105,99,0.93116,1,29,29,31,31,1.07,1.07
MEX,0,0,0,0,1,225.1,1983,1985,1,1,0,1,0.0553,0.05298,100000,5298,95809,6602375,66.02,66.12
MEX,0,0,0,0,1,225.1,1983,1985,1,1,1,1,0.00501,0.00499,94702,473,94466,6506566,68.71,68.8
MEX,0,0,0,0,1,225.1,1983,1985,1,1,2,1,0.00247,0.00246,94229,232,94113,6412101,68.05,68.15
MEX,0,0,0,0,1,225.1,1983,1985,1,1,3,1,0.00161,0.00161,93997,151,93922,6317988,67.21,67.27
MEX,0,0,0,0,1,225.1,1983,1985,1,1,4,1,0.00118,0.00118,93846,111,93790,6224066,66.32,66.38
MEX,0,0,0,0,1,225.1,1983,1985,1,1,5,1,0.00096,0.00096,93735,90,93690,6130276,65.4,65.46
MEX,0,0,0,0,1,225.1,1983,1985,1,1,6,1,0.00082,0.00082,93645,77,93606,6036586,64.46,64.52
MEX,0,0,0,0,1,225.1,1983,1985,1,1,7,1,0.00074,0.00074,93568,69,93534,5942979,63.52,63.57
MEX,0,0,0,0,1,225.1,1983,1985,1,1,8,1,7e-04,7e-04,93499,65,93466,5849446,62.56,62.62
MEX,0,0,0,0,1,225.1,1983,1985,1,1,9,1,0.00066,0.00066,93434,62,93403,5755979,61.6,61.66
MEX,0,0,0,0,1,225.1,1983,1985,1,1,10,1,0.00065,0.00065,93372,61,93342,5662576,60.65,60.7
MEX,0,0,0,0,1,225.1,1983,1985,1,1,11,1,0.00069,0.00069,93311,64,93279,5569235,59.68,59.74
MEX,0,0,0,0,1,225.1,1983,1985,1,1,12,1,0.00072,0.00072,93247,67,93214,5475956,58.73,58.78
MEX,0,0,0,0,1,225.1,1983,1985,1,1,13,1,0.00079,0.00079,93180,74,93143,5382742,57.77,57.83
MEX,0,0,0,0,1,225.1,1983,1985,1,1,14,1,0.00091,0.00091,93106,85,93064,5289599,56.81,56.87
MEX,0,0,0,0,1,225.1,1983,1985,1,1,15,1,0.00105,0.00105,93021,98,92972,5196536,55.86,55.92
MEX,0,0,0,0,1,225.1,1983,1985,1,1,16,1,0.00123,0.00123,92923,114,92866,5103564,54.92,54.98
MEX,0,0,0,0,1,225.1,1983,1985,1,1,17,1,0.00144,0.00144,92809,134,92742,5010698,53.99,54.05
MEX,0,0,0,0,1,225.1,1983,1985,1,1,18,1,0.00166,0.00166,92675,154,92598,4917956,53.07,53.13
MEX,0,0,0,0,1,225.1,1983,1985,1,1,19,1,0.00191,0.00191,92521,177,92432,4825358,52.15,52.21
MEX,0,0,0,0,1,225.1,1983,1985,1,1,20,1,0.00217,0.00217,92344,200,92244,4732925,51.25,51.31
MEX,0,0,0,0,1,225.1,1983,1985,1,1,21,1,0.00242,0.00242,92144,223,92032,4640681,50.36,50.42
MEX,0,0,0,0,1,225.1,1983,1985,1,1,22,1,0.00267,0.00267,91921,245,91798,4548649,49.48,49.55
MEX,0,0,0,0,1,225.1,1983,1985,1,1,23,1,0.00289,0.00289,91676,265,91544,4456850,48.62,48.68
MEX,0,0,0,0,1,225.1,1983,1985,1,1,24,1,0.0031,0.0031,91411,283,91270,4365307,47.75,47.82
MEX,0,0,0,0,1,225.1,1983,1985,1,1,25,1,0.0033,0.00329,91128,300,90978,4274037,46.9,46.96
MEX,0,0,0,0,1,225.1,1983,1985,1,1,26,1,0.00346,0.00346,90828,314,90671,4183059,46.05,46.12
MEX,0,0,0,0,1,225.1,1983,1985,1,1,27,1,0.00363,0.00362,90514,328,90350,4092388,45.21,45.27
MEX,0,0,0,0,1,225.1,1983,1985,1,1,28,1,0.00375,0.00375,90186,338,90017,4002038,44.38,44.44
MEX,0,0,0,0,1,225.1,1983,1985,1,1,29,1,0.00387,0.00386,89848,347,89674,3912021,43.54,43.6
MEX,0,0,0,0,1,225.1,1983,1985,1,1,30,1,0.00397,0.00397,89501,355,89324,3822347,42.71,42.77
MEX,0,0,0,0,1,225.1,1983,1985,1,1,31,1,0.00407,0.00406,89146,362,88965,3733023,41.88,41.94
MEX,0,0,0,0,1,225.1,1983,1985,1,1,32,1,0.00416,0.00416,88784,369,88600,3644058,41.04,41.11
MEX,0,0,0,0,1,225.1,1983,1985,1,1,33,1,0.00425,0.00424,88415,375,88228,3555459,40.21,40.28
MEX,0,0,0,0,1,225.1,1983,1985,1,1,34,1,0.00435,0.00434,88040,382,87849,3467231,39.38,39.45
MEX,0,0,0,0,1,225.1,1983,1985,1,1,35,1,0.00444,0.00443,87658,388,87464,3379382,38.55,38.62
MEX,0,0,0,0,1,225.1,1983,1985,1,1,36,1,0.00455,0.00454,87270,396,87072,3291918,37.72,37.78
MEX,0,0,0,0,1,225.1,1983,1985,1,1,37,1,0.00467,0.00466,86874,405,86672,3204846,36.89,36.95
MEX,0,0,0,0,1,225.1,1983,1985,1,1,38,1,0.00481,0.0048,86469,415,86262,3118175,36.06,36.13
MEX,0,0,0,0,1,225.1,1983,1985,1,1,39,1,0.00497,0.00496,86054,427,85840,3031913,35.23,35.3
MEX,0,0,0,0,1,225.1,1983,1985,1,1,40,1,0.00515,0.00514,85627,440,85407,2946073,34.41,34.47
MEX,0,0,0,0,1,225.1,1983,1985,1,1,41,1,0.00536,0.00534,85187,455,84960,2860666,33.58,33.65
MEX,0,0,0,0,1,225.1,1983,1985,1,1,42,1,0.00559,0.00557,84732,472,84496,2775706,32.76,32.82
MEX,0,0,0,0,1,225.1,1983,1985,1,1,43,1,0.00584,0.00583,84260,491,84014,2691210,31.94,32.01
MEX,0,0,0,0,1,225.1,1983,1985,1,1,44,1,0.00614,0.00612,83769,513,83512,2607196,31.12,31.19
MEX,0,0,0,0,1,225.1,1983,1985,1,1,45,1,0.00647,0.00645,83256,537,82988,2523683,30.31,30.38
MEX,0,0,0,0,1,225.1,1983,1985,1,1,46,1,0.00683,0.00681,82719,563,82438,2440696,29.51,29.57
MEX,0,0,0,0,1,225.1,1983,1985,1,1,47,1,0.00723,0.00721,82156,592,81860,2358258,28.7,28.77
MEX,0,0,0,0,1,225.1,1983,1985,1,1,48,1,0.00768,0.00765,81564,624,81252,2276398,27.91,27.98
MEX,0,0,0,0,1,225.1,1983,1985,1,1,49,1,0.00818,0.00814,80940,659,80610,2195146,27.12,27.19
MEX,0,0,0,0,1,225.1,1983,1985,1,1,50,1,0.00871,0.00867,80281,696,79933,2114536,26.34,26.41
MEX,0,0,0,0,1,225.1,1983,1985,1,1,51,1,0.00929,0.00925,79585,736,79217,2034603,25.57,25.64
MEX,0,0,0,0,1,225.1,1983,1985,1,1,52,1,0.00993,0.00988,78849,779,78460,1955386,24.8,24.87
MEX,0,0,0,0,1,225.1,1983,1985,1,1,53,1,0.01064,0.01058,78070,826,77657,1876926,24.04,24.11
MEX,0,0,0,0,1,225.1,1983,1985,1,1,54,1,0.01138,0.01131,77244,874,76807,1799269,23.29,23.37
MEX,0,0,0,0,1,225.1,1983,1985,1,1,55,1,0.0122,0.01213,76370,926,75907,1722462,22.55,22.63
MEX,0,0,0,0,1,225.1,1983,1985,1,1,56,1,0.0131,0.01302,75444,982,74953,1646555,21.82,21.9
MEX,0,0,0,0,1,225.1,1983,1985,1,1,57,1,0.01407,0.01397,74462,1040,73942,1571602,21.11,21.18
MEX,0,0,0,0,1,225.1,1983,1985,1,1,58,1,0.01511,0.015,73422,1101,72872,1497660,20.4,20.47
MEX,0,0,0,0,1,225.1,1983,1985,1,1,59,1,0.01624,0.01611,72321,1165,71738,1424789,19.7,19.78
MEX,0,0,0,0,1,225.1,1983,1985,1,1,60,1,0.01745,0.0173,71156,1231,70540,1353050,19.02,19.09
MEX,0,0,0,0,1,225.1,1983,1985,1,1,61,1,0.01877,0.01859,69925,1300,69275,1282510,18.34,18.42
MEX,0,0,0,0,1,225.1,1983,1985,1,1,62,1,0.02019,0.01999,68625,1372,67939,1213235,17.68,17.76
MEX,0,0,0,0,1,225.1,1983,1985,1,1,63,1,0.02173,0.0215,67253,1446,66530,1145296,17.03,17.11
MEX,0,0,0,0,1,225.1,1983,1985,1,1,64,1,0.02337,0.0231,65807,1520,65047,1078766,16.39,16.48
MEX,0,0,0,0,1,225.1,1983,1985,1,1,65,1,0.02515,0.02484,64287,1597,63488,1013719,15.77,15.86
MEX,0,0,0,0,1,225.1,1983,1985,1,1,66,1,0.02706,0.0267,62690,1674,61853,950230,15.16,15.25
MEX,0,0,0,0,1,225.1,1983,1985,1,1,67,1,0.02913,0.02871,61016,1752,60140,888377,14.56,14.65
MEX,0,0,0,0,1,225.1,1983,1985,1,1,68,1,0.03135,0.03086,59264,1829,58350,828237,13.98,14.07
MEX,0,0,0,0,1,225.1,1983,1985,1,1,69,1,0.03375,0.03319,57435,1906,56482,769888,13.4,13.5
MEX,0,0,0,0,1,225.1,1983,1985,1,1,70,1,0.0363,0.03566,55529,1980,54539,713406,12.85,12.95
MEX,0,0,0,0,1,225.1,1983,1985,1,1,71,1,0.03909,0.03834,53549,2053,52522,658867,12.3,12.41
MEX,0,0,0,0,1,225.1,1983,1985,1,1,72,1,0.04203,0.04117,51496,2120,50436,606344,11.77,11.88
MEX,0,0,0,0,1,225.1,1983,1985,1,1,73,1,0.04525,0.04425,49376,2185,48284,555908,11.26,11.37
MEX,0,0,0,0,1,225.1,1983,1985,1,1,74,1,0.04867,0.04751,47191,2242,46070,507625,10.76,10.87
MEX,0,0,0,0,1,225.1,1983,1985,1,1,75,1,0.05237,0.05104,44949,2294,43802,461555,10.27,10.39
MEX,0,0,0,0,1,225.1,1983,1985,1,1,76,1,0.05633,0.05479,42655,2337,41486,417753,9.79,9.92
MEX,0,0,0,0,1,225.1,1983,1985,1,1,77,1,0.06056,0.05878,40318,2370,39133,376266,9.33,9.47
MEX,0,0,0,0,1,225.1,1983,1985,1,1,78,1,0.06517,0.06311,37948,2395,36750,337133,8.88,9.03
MEX,0,0,0,0,1,225.1,1983,1985,1,1,79,1,0.07001,0.06765,35553,2405,34350,300383,8.45,8.61
MEX,0,0,0,0,1,225.1,1983,1985,1,1,80,1,0.07532,0.07258,33148,2406,31945,266032,8.03,8.19
MEX,0,0,0,0,1,225.1,1983,1985,1,1,81,1,0.08089,0.07774,30742,2390,29547,234087,7.61,7.8
MEX,0,0,0,0,1,225.1,1983,1985,1,1,82,1,0.08697,0.08335,28352,2363,27170,204540,7.21,7.41
MEX,0,0,0,0,1,225.1,1983,1985,1,1,83,1,0.0934,0.08923,25989,2319,24830,177370,6.82,7.04
MEX,0,0,0,0,1,225.1,1983,1985,1,1,84,1,0.10031,0.09552,23670,2261,22540,152540,6.44,6.68
MEX,0,0,0,0,1,225.1,1983,1985,1,1,85,1,0.10776,0.10225,21409,2189,20314,130001,6.07,6.33
MEX,0,0,0,0,1,225.1,1983,1985,1,1,86,1,0.11563,0.10931,19220,2101,18170,109686,5.71,6
MEX,0,0,0,0,1,225.1,1983,1985,1,1,87,1,0.12408,0.11683,17119,2000,16119,91517,5.35,5.67
MEX,0,0,0,0,1,225.1,1983,1985,1,1,88,1,0.13312,0.12481,15119,1887,14176,75398,4.99,5.36
MEX,0,0,0,0,1,225.1,1983,1985,1,1,89,1,0.14275,0.13324,13232,1763,12350,61222,4.63,5.05
MEX,0,0,0,0,1,225.1,1983,1985,1,1,90,1,0.15299,0.14212,11469,1630,10654,48872,4.26,4.75
MEX,0,0,0,0,1,225.1,1983,1985,1,1,91,1,0.16492,0.15235,9839,1499,9090,38218,3.88,4.45
MEX,0,0,0,0,1,225.1,1983,1985,1,1,92,1,0.17783,0.16331,8340,1362,7659,29128,3.49,4.16
MEX,0,0,0,0,1,225.1,1983,1985,1,1,93,1,0.19797,0.18014,6978,1257,6350,21469,3.08,3.88
MEX,0,0,0,0,1,225.1,1983,1985,1,1,94,1,0.2153,0.19437,5721,1112,5165,15120,2.64,3.62
MEX,0,0,0,0,1,225.1,1983,1985,1,1,95,99,0.46299,1,4609,4609,9955,9955,2.16,3.37
MEX,0,0,0,0,1,225.1,1983,1985,1,2,0,1,0.04499,0.04339,100000,4339,96443,7209992,72.1,72.21
MEX,0,0,0,0,1,225.1,1983,1985,1,2,1,1,0.0053,0.00529,95661,506,95408,7113549,74.36,74.48
MEX,0,0,0,0,1,225.1,1983,1985,1,2,2,1,0.00253,0.00252,95155,240,95035,7018141,73.75,73.87
MEX,0,0,0,0,1,225.1,1983,1985,1,2,3,1,0.00156,0.00156,94915,148,94841,6923106,72.94,73.02
MEX,0,0,0,0,1,225.1,1983,1985,1,2,4,1,0.00109,0.00109,94767,103,94716,6828265,72.05,72.13
MEX,0,0,0,0,1,225.1,1983,1985,1,2,5,1,0.00082,0.00082,94664,78,94625,6733550,71.13,71.21
MEX,0,0,0,0,1,225.1,1983,1985,1,2,6,1,0.00066,0.00066,94586,62,94555,6638925,70.19,70.26
MEX,0,0,0,0,1,225.1,1983,1985,1,2,7,1,0.00055,0.00055,94524,52,94498,6544370,69.24,69.31
MEX,0,0,0,0,1,225.1,1983,1985,1,2,8,1,0.00048,0.00048,94472,45,94450,6449872,68.27,68.35
MEX,0,0,0,0,1,225.1,1983,1985,1,2,9,1,0.00044,0.00044,94427,42,94406,6355422,67.31,67.38
MEX,0,0,0,0,1,225.1,1983,1985,1,2,10,1,0.00042,0.00042,94385,40,94365,6261016,66.33,66.41
MEX,0,0,0,0,1,225.1,1983,1985,1,2,11,1,4e-04,4e-04,94345,38,94326,6166651,65.36,65.44
MEX,0,0,0,0,1,225.1,1983,1985,1,2,12,1,0.00042,0.00042,94307,40,94287,6072325,64.39,64.47
MEX,0,0,0,0,1,225.1,1983,1985,1,2,13,1,0.00045,0.00045,94267,42,94246,5978038,63.42,63.49
MEX,0,0,0,0,1,225.1,1983,1985,1,2,14,1,0.00048,0.00048,94225,45,94202,5883792,62.44,62.52
MEX,0,0,0,0,1,225.1,1983,1985,1,2,15,1,0.00053,0.00053,94180,50,94155,5789590,61.47,61.55
MEX,0,0,0,0,1,225.1,1983,1985,1,2,16,1,0.00058,0.00058,94130,55,94102,5695435,60.51,60.58
MEX,0,0,0,0,1,225.1,1983,1985,1,2,17,1,0.00064,0.00064,94075,60,94045,5601332,59.54,59.62
MEX,0,0,0,0,1,225.1,1983,1985,1,2,18,1,7e-04,7e-04,94015,66,93982,5507287,58.58,58.66
MEX,0,0,0,0,1,225.1,1983,1985,1,2,19,1,0.00077,0.00077,93949,72,93913,5413305,57.62,57.7
MEX,0,0,0,0,1,225.1,1983,1985,1,2,20,1,0.00083,0.00083,93877,78,93838,5319392,56.66,56.74
MEX,0,0,0,0,1,225.1,1983,1985,1,2,21,1,0.00091,0.00091,93799,85,93756,5225554,55.71,55.79
MEX,0,0,0,0,1,225.1,1983,1985,1,2,22,1,0.00096,0.00096,93714,90,93669,5131798,54.76,54.84
MEX,0,0,0,0,1,225.1,1983,1985,1,2,23,1,0.00105,0.00105,93624,98,93575,5038129,53.81,53.89
MEX,0,0,0,0,1,225.1,1983,1985,1,2,24,1,0.00111,0.00111,93526,104,93474,4944554,52.87,52.94
MEX,0,0,0,0,1,225.1,1983,1985,1,2,25,1,0.00118,0.00118,93422,110,93367,4851080,51.93,52
MEX,0,0,0,0,1,225.1,1983,1985,1,2,26,1,0.00124,0.00124,93312,116,93254,4757713,50.99,51.06
MEX,0,0,0,0,1,225.1,1983,1985,1,2,27,1,0.00131,0.00131,93196,122,93135,4664459,50.05,50.13
MEX,0,0,0,0,1,225.1,1983,1985,1,2,28,1,0.00138,0.00138,93074,128,93010,4571324,49.11,49.19
MEX,0,0,0,0,1,225.1,1983,1985,1,2,29,1,0.00145,0.00145,92946,135,92878,4478314,48.18,48.26
MEX,0,0,0,0,1,225.1,1983,1985,1,2,30,1,0.00152,0.00152,92811,141,92740,4385435,47.25,47.33
MEX,0,0,0,0,1,225.1,1983,1985,1,2,31,1,0.00159,0.00159,92670,147,92596,4292695,46.32,46.4
MEX,0,0,0,0,1,225.1,1983,1985,1,2,32,1,0.00168,0.00168,92523,155,92446,4200098,45.4,45.47
MEX,0,0,0,0,1,225.1,1983,1985,1,2,33,1,0.00174,0.00174,92368,161,92288,4107653,44.47,44.55
MEX,0,0,0,0,1,225.1,1983,1985,1,2,34,1,0.00185,0.00184,92207,170,92122,4015365,43.55,43.63
MEX,0,0,0,0,1,225.1,1983,1985,1,2,35,1,0.00195,0.00194,92037,179,91948,3923243,42.63,42.7
MEX,0,0,0,0,1,225.1,1983,1985,1,2,36,1,0.00204,0.00204,91858,187,91764,3831296,41.71,41.79
MEX,0,0,0,0,1,225.1,1983,1985,1,2,37,1,0.00215,0.00215,91671,197,91572,3739531,40.79,40.87
MEX,0,0,0,0,1,225.1,1983,1985,1,2,38,1,0.00229,0.00228,91474,209,91370,3647959,39.88,39.96
MEX,0,0,0,0,1,225.1,1983,1985,1,2,39,1,0.00241,0.00241,91265,220,91155,3556589,38.97,39.05
MEX,0,0,0,0,1,225.1,1983,1985,1,2,40,1,0.00256,0.00256,91045,233,90928,3465434,38.06,38.14
MEX,0,0,0,0,1,225.1,1983,1985,1,2,41,1,0.00272,0.00272,90812,247,90688,3374506,37.16,37.24
MEX,0,0,0,0,1,225.1,1983,1985,1,2,42,1,0.0029,0.00289,90565,262,90434,3283817,36.26,36.34
MEX,0,0,0,0,1,225.1,1983,1985,1,2,43,1,0.00311,0.0031,90303,280,90163,3193383,35.36,35.44
MEX,0,0,0,0,1,225.1,1983,1985,1,2,44,1,0.00332,0.00331,90023,298,89874,3103220,34.47,34.55
MEX,0,0,0,0,1,225.1,1983,1985,1,2,45,1,0.00356,0.00356,89725,319,89566,3013346,33.58,33.66
MEX,0,0,0,0,1,225.1,1983,1985,1,2,46,1,0.00381,0.0038,89406,340,89236,2923781,32.7,32.78
MEX,0,0,0,0,1,225.1,1983,1985,1,2,47,1,0.00412,0.00411,89066,366,88883,2834545,31.83,31.91
MEX,0,0,0,0,1,225.1,1983,1985,1,2,48,1,0.00443,0.00442,88700,392,88504,2745662,30.95,31.04
MEX,0,0,0,0,1,225.1,1983,1985,1,2,49,1,0.00477,0.00476,88308,420,88098,2657158,30.09,30.17
MEX,0,0,0,0,1,225.1,1983,1985,1,2,50,1,0.00516,0.00514,87888,452,87662,2569060,29.23,29.31
MEX,0,0,0,0,1,225.1,1983,1985,1,2,51,1,0.00557,0.00556,87436,486,87193,2481398,28.38,28.46
MEX,0,0,0,0,1,225.1,1983,1985,1,2,52,1,0.00603,0.00601,86950,523,86688,2394205,27.54,27.62
MEX,0,0,0,0,1,225.1,1983,1985,1,2,53,1,0.00655,0.00653,86427,564,86145,2307516,26.7,26.78
MEX,0,0,0,0,1,225.1,1983,1985,1,2,54,1,0.00709,0.00707,85863,607,85560,2221371,25.87,25.95
MEX,0,0,0,0,1,225.1,1983,1985,1,2,55,1,0.00769,0.00766,85256,653,84930,2135812,25.05,25.14
MEX,0,0,0,0,1,225.1,1983,1985,1,2,56,1,0.00836,0.00832,84603,704,84251,2050882,24.24,24.33
MEX,0,0,0,0,1,225.1,1983,1985,1,2,57,1,0.00906,0.00902,83899,757,83520,1966631,23.44,23.53
MEX,0,0,0,0,1,225.1,1983,1985,1,2,58,1,0.00986,0.00981,83142,816,82734,1883111,22.65,22.74
MEX,0,0,0,0,1,225.1,1983,1985,1,2,59,1,0.01072,0.01066,82326,878,81887,1800377,21.87,21.96
MEX,0,0,0,0,1,225.1,1983,1985,1,2,60,1,0.01167,0.0116,81448,945,80976,1718490,21.1,21.19
MEX,0,0,0,0,1,225.1,1983,1985,1,2,61,1,0.01269,0.01261,80503,1015,79996,1637514,20.34,20.43
MEX,0,0,0,0,1,225.1,1983,1985,1,2,62,1,0.01382,0.01373,79488,1091,78942,1557519,19.59,19.68
MEX,0,0,0,0,1,225.1,1983,1985,1,2,63,1,0.01502,0.01491,78397,1169,77812,1478576,18.86,18.95
MEX,0,0,0,0,1,225.1,1983,1985,1,2,64,1,0.01638,0.01625,77228,1255,76600,1400764,18.14,18.23
MEX,0,0,0,0,1,225.1,1983,1985,1,2,65,1,0.01782,0.01766,75973,1342,75302,1324163,17.43,17.52
MEX,0,0,0,0,1,225.1,1983,1985,1,2,66,1,0.01941,0.01923,74631,1435,73914,1248861,16.73,16.83
MEX,0,0,0,0,1,225.1,1983,1985,1,2,67,1,0.02115,0.02093,73196,1532,72430,1174948,16.05,16.15
MEX,0,0,0,0,1,225.1,1983,1985,1,2,68,1,0.02302,0.02276,71664,1631,70848,1102518,15.38,15.48
MEX,0,0,0,0,1,225.1,1983,1985,1,2,69,1,0.02508,0.02477,70033,1735,69166,1031669,14.73,14.83
MEX,0,0,0,0,1,225.1,1983,1985,1,2,70,1,0.02732,0.02696,68298,1841,67378,962504,14.09,14.2
MEX,0,0,0,0,1,225.1,1983,1985,1,2,71,1,0.02975,0.02931,66457,1948,65483,895126,13.47,13.58
MEX,0,0,0,0,1,225.1,1983,1985,1,2,72,1,0.03242,0.0319,64509,2058,63480,829643,12.86,12.97
MEX,0,0,0,0,1,225.1,1983,1985,1,2,73,1,0.0353,0.03468,62451,2166,61368,766163,12.27,12.38
MEX,0,0,0,0,1,225.1,1983,1985,1,2,74,1,0.03845,0.03772,60285,2274,59148,704795,11.69,11.81
MEX,0,0,0,0,1,225.1,1983,1985,1,2,75,1,0.04187,0.04101,58011,2379,56822,645647,11.13,11.25
MEX,0,0,0,0,1,225.1,1983,1985,1,2,76,1,0.04559,0.04458,55632,2480,54392,588826,10.58,10.71
MEX,0,0,0,0,1,225.1,1983,1985,1,2,77,1,0.04963,0.04843,53152,2574,51865,534434,10.05,10.19
MEX,0,0,0,0,1,225.1,1983,1985,1,2,78,1,0.05401,0.05259,50578,2660,49248,482569,9.54,9.68
MEX,0,0,0,0,1,225.1,1983,1985,1,2,79,1,0.0588,0.05712,47918,2737,46550,433321,9.04,9.19
MEX,0,0,0,0,1,225.1,1983,1985,1,2,80,1,0.06398,0.062,45181,2801,43780,386771,8.56,8.72
MEX,0,0,0,0,1,225.1,1983,1985,1,2,81,1,0.06959,0.06725,42380,2850,40955,342991,8.09,8.26
MEX,0,0,0,0,1,225.1,1983,1985,1,2,82,1,0.07569,0.07293,39530,2883,38088,302036,7.64,7.82
MEX,0,0,0,0,1,225.1,1983,1985,1,2,83,1,0.0823,0.07905,36647,2897,35198,263947,7.2,7.4
MEX,0,0,0,0,1,225.1,1983,1985,1,2,84,1,0.08946,0.08563,33750,2890,32305,228749,6.78,6.99
MEX,0,0,0,0,1,225.1,1983,1985,1,2,85,1,0.09722,0.09271,30860,2861,29430,196444,6.37,6.6
MEX,0,0,0,0,1,225.1,1983,1985,1,2,86,1,0.10558,0.10029,27999,2808,26595,167014,5.97,6.22
MEX,0,0,0,0,1,225.1,1983,1985,1,2,87,1,0.11471,0.10849,25191,2733,23824,140419,5.57,5.86
MEX,0,0,0,0,1,225.1,1983,1985,1,2,88,1,0.12449,0.1172,22458,2632,21142,116595,5.19,5.51
MEX,0,0,0,0,1,225.1,1983,1985,1,2,89,1,0.13504,0.1265,19826,2508,18572,95453,4.81,5.18
MEX,0,0,0,0,1,225.1,1983,1985,1,2,90,1,0.1465,0.13651,17318,2364,16136,76881,4.44,4.85
MEX,0,0,0,0,1,225.1,1983,1985,1,2,91,1,0.15872,0.14705,14954,2199,13854,60745,4.06,4.54
MEX,0,0,0,0,1,225.1,1983,1985,1,2,92,1,0.17199,0.15837,12755,2020,11745,46890,3.68,4.24
MEX,0,0,0,0,1,225.1,1983,1985,1,2,93,1,0.19238,0.1755,10735,1884,9793,35145,3.27,3.94
MEX,0,0,0,0,1,225.1,1983,1985,1,2,94,1,0.21013,0.19015,8851,1683,8010,25352,2.86,3.67
MEX,0,0,0,0,1,225.1,1983,1985,1,2,95,99,0.41332,1,7168,7168,17343,17343,2.42,3.42
MEX,0,0,0,0,1,225.1,1983,1985,2,1,0,1,0.0553,0.05298,100000,5298,95809,6602375,66.02,66.12
MEX,0,0,0,0,1,225.1,1983,1985,2,1,1,4,0.00257,0.01021,94702,967,376290,6506566,68.71,68.8
MEX,0,0,0,0,1,225.1,1983,1985,2,1,5,5,0.00078,0.00387,93735,363,467700,6130276,65.4,65.46
MEX,0,0,0,0,1,225.1,1983,1985,2,1,10,5,0.00075,0.00376,93372,351,466040,5662576,60.65,60.7
MEX,0,0,0,0,1,225.1,1983,1985,2,1,15,5,0.00146,0.00728,93021,677,463610,5196536,55.86,55.92
MEX,0,0,0,0,1,225.1,1983,1985,2,1,20,5,0.00265,0.01317,92344,1216,458888,4732925,51.25,51.31
MEX,0,0,0,0,1,225.1,1983,1985,2,1,25,5,0.0036,0.01785,91128,1627,451690,4274037,46.9,46.96
MEX,0,0,0,0,1,225.1,1983,1985,2,1,30,5,0.00416,0.02059,89501,1843,442964,3822347,42.71,42.77
MEX,0,0,0,0,1,225.1,1983,1985,2,1,35,5,0.00469,0.02317,87658,2031,433310,3379382,38.55,38.62
MEX,0,0,0,0,1,225.1,1983,1985,2,1,40,5,0.00561,0.02769,85627,2371,422390,2946073,34.41,34.47
MEX,0,0,0,0,1,225.1,1983,1985,2,1,45,5,0.00727,0.03573,83256,2975,409148,2523683,30.31,30.38
MEX,0,0,0,0,1,225.1,1983,1985,2,1,50,5,0.00998,0.04872,80281,3911,392074,2114536,26.34,26.41
MEX,0,0,0,0,1,225.1,1983,1985,2,1,55,5,0.01411,0.06827,76370,5214,369412,1722462,22.55,22.63
MEX,0,0,0,0,1,225.1,1983,1985,2,1,60,5,0.02024,0.09653,71156,6869,339332,1353050,19.02,19.09
MEX,0,0,0,0,1,225.1,1983,1985,2,1,65,5,0.02916,0.13623,64287,8758,300313,1013719,15.77,15.86
MEX,0,0,0,0,1,225.1,1983,1985,2,1,70,5,0.04201,0.19053,55529,10580,251851,713406,12.85,12.95
MEX,0,0,0,0,1,225.1,1983,1985,2,1,75,5,0.06036,0.26254,44949,11801,195522,461555,10.27,10.39
MEX,0,0,0,0,1,225.1,1983,1985,2,1,80,5,0.0863,0.35414,33148,11739,136032,266032,8.03,8.19
MEX,0,0,0,0,1,225.1,1983,1985,2,1,85,5,0.12252,0.46429,21409,9940,81129,130001,6.07,6.33
MEX,0,0,0,0,1,225.1,1983,1985,2,1,90,5,0.17627,0.59813,11469,6860,38917,48872,4.26,4.75
MEX,0,0,0,0,1,225.1,1983,1985,2,1,95,99,0.46299,1,4609,4609,9955,9955,2.16,3.37
MEX,0,0,0,0,1,225.1,1983,1985,2,2,0,1,0.04499,0.04339,100000,4339,96443,7209992,72.1,72.21
MEX,0,0,0,0,1,225.1,1983,1985,2,2,1,4,0.00262,0.01042,95661,997,380000,7113549,74.36,74.48
MEX,0,0,0,0,1,225.1,1983,1985,2,2,5,5,0.00059,0.00295,94664,279,472534,6733550,71.13,71.21
MEX,0,0,0,0,1,225.1,1983,1985,2,2,10,5,0.00043,0.00217,94385,205,471426,6261016,66.33,66.41
MEX,0,0,0,0,1,225.1,1983,1985,2,2,15,5,0.00064,0.00322,94180,303,470198,5789590,61.47,61.55
MEX,0,0,0,0,1,225.1,1983,1985,2,2,20,5,0.00097,0.00485,93877,455,468312,5319392,56.66,56.74
MEX,0,0,0,0,1,225.1,1983,1985,2,2,25,5,0.00131,0.00654,93422,611,465644,4851080,51.93,52
MEX,0,0,0,0,1,225.1,1983,1985,2,2,30,5,0.00167,0.00834,92811,774,462192,4385435,47.25,47.33
MEX,0,0,0,0,1,225.1,1983,1985,2,2,35,5,0.00217,0.01078,92037,992,457809,3923243,42.63,42.7
MEX,0,0,0,0,1,225.1,1983,1985,2,2,40,5,0.00292,0.0145,91045,1320,452088,3465434,38.06,38.14
MEX,0,0,0,0,1,225.1,1983,1985,2,2,45,5,0.00413,0.02047,89725,1837,444286,3013346,33.58,33.66
MEX,0,0,0,0,1,225.1,1983,1985,2,2,50,5,0.00608,0.02995,87888,2632,433248,2569060,29.23,29.31
MEX,0,0,0,0,1,225.1,1983,1985,2,2,55,5,0.00912,0.04467,85256,3808,417322,2135812,25.05,25.14
MEX,0,0,0,0,1,225.1,1983,1985,2,2,60,5,0.01388,0.06722,81448,5475,394326,1718490,21.1,21.19
MEX,0,0,0,0,1,225.1,1983,1985,2,2,65,5,0.02122,0.10102,75973,7675,361660,1324163,17.43,17.52
MEX,0,0,0,0,1,225.1,1983,1985,2,2,70,5,0.03247,0.15062,68298,10287,316856,962504,14.09,14.2
MEX,0,0,0,0,1,225.1,1983,1985,2,2,75,5,0.04956,0.22116,58011,12830,258876,645647,11.13,11.25
MEX,0,0,0,0,1,225.1,1983,1985,2,2,80,5,0.07524,0.31697,45181,14321,190328,386771,8.56,8.72
MEX,0,0,0,0,1,225.1,1983,1985,2,2,85,5,0.11326,0.43882,30860,13542,119563,196444,6.37,6.6
MEX,0,0,0,0,1,225.1,1983,1985,2,2,90,5,0.17048,0.5861,17318,10150,59538,76881,4.44,4.85
MEX,0,0,0,0,1,225.1,1983,1985,2,2,95,99,0.41332,1,7168,7168,17343,17343,2.42,3.42
MEX,0,0,0,0,1,4000.89,1990,1990,4,1,0,1,0.04056,0.03924,100000,3924,96734,6788124,67.88,67.91
MEX,0,0,0,0,1,4000.89,1990,1990,4,1,1,4,0.00241,0.00958,96076,920,382036,6691390,69.65,69.66
MEX,0,0,0,0,1,4000.89,1990,1990,4,1,5,5,0.00066,0.0033,95156,314,474995,6309354,66.31,66.32
MEX,0,0,0,0,1,4000.89,1990,1990,4,1,10,5,0.00063,0.00314,94842,298,473465,5834359,61.52,61.53
MEX,0,0,0,0,1,4000.89,1990,1990,4,1,15,5,0.00142,0.00708,94544,669,471048,5360894,56.7,56.72
MEX,0,0,0,0,1,4000.89,1990,1990,4,1,20,5,0.00234,0.01161,93875,1090,466650,4889847,52.09,52.1
MEX,0,0,0,0,1,4000.89,1990,1990,4,1,25,5,0.00306,0.0152,92785,1410,460400,4423197,47.67,47.68
MEX,0,0,0,0,1,4000.89,1990,1990,4,1,30,5,0.00352,0.01746,91375,1595,452888,3962797,43.37,43.38
MEX,0,0,0,0,1,4000.89,1990,1990,4,1,35,5,0.00406,0.02012,89780,1806,444385,3509909,39.09,39.11
MEX,0,0,0,0,1,4000.89,1990,1990,4,1,40,5,0.00502,0.02478,87974,2180,434420,3065524,34.85,34.86
MEX,0,0,0,0,1,4000.89,1990,1990,4,1,45,5,0.00666,0.03275,85794,2810,421945,2631104,30.67,30.68
MEX,0,0,0,0,1,4000.89,1990,1990,4,1,50,5,0.00926,0.04525,82984,3755,405532,2209159,26.62,26.64
MEX,0,0,0,0,1,4000.89,1990,1990,4,1,55,5,0.01322,0.06397,79229,5068,383475,1803627,22.76,22.78
MEX,0,0,0,0,1,4000.89,1990,1990,4,1,60,5,0.01905,0.09091,74161,6742,353950,1420152,19.15,19.17
MEX,0,0,0,0,1,4000.89,1990,1990,4,1,65,5,0.02758,0.12898,67419,8696,315355,1066202,15.81,15.83
MEX,0,0,0,0,1,4000.89,1990,1990,4,1,70,5,0.03991,0.18146,58723,10656,266975,750847,12.79,12.81
MEX,0,0,0,0,1,4000.89,1990,1990,4,1,75,5,0.05751,0.25142,48067,12085,210122,483872,10.07,10.09
MEX,0,0,0,0,1,4000.89,1990,1990,4,1,80,5,0.09719,0.39097,35982,14068,144740,273749,7.61,7.64
MEX,0,0,0,0,1,4000.89,1990,1990,4,1,85,5,0.14186,0.52359,21914,11474,80885,129009,5.89,5.94
MEX,0,0,0,0,1,4000.89,1990,1990,4,1,90,5,0.19196,0.64856,10440,6771,35272,48124,4.61,4.73
MEX,0,0,0,0,1,4000.89,1990,1990,4,1,95,5,0.24143,0.75279,3669,2762,11440,12852,3.5,3.83
MEX,0,0,0,0,1,4000.89,1990,1990,4,1,100,99,0.64248,1,907,907,1412,1412,1.56,2.9
MEX,0,0,0,0,1,4000.89,1990,1990,4,2,0,1,0.03418,0.03321,100000,3321,97176,7379096,73.79,73.83
MEX,0,0,0,0,1,4000.89,1990,1990,4,2,1,4,0.00182,0.00724,96679,700,384945,7281920,75.32,75.35
MEX,0,0,0,0,1,4000.89,1990,1990,4,2,5,5,5e-04,0.00252,95979,242,479290,6896975,71.86,71.88
MEX,0,0,0,0,1,4000.89,1990,1990,4,2,10,5,0.00039,0.00194,95737,186,478220,6417685,67.03,67.06
MEX,0,0,0,0,1,4000.89,1990,1990,4,2,15,5,0.00058,0.00288,95551,275,477068,5939465,62.16,62.18
MEX,0,0,0,0,1,4000.89,1990,1990,4,2,20,5,0.00078,0.00389,95276,371,475452,5462397,57.33,57.36
MEX,0,0,0,0,1,4000.89,1990,1990,4,2,25,5,0.00098,0.00491,94905,466,473360,4986945,52.55,52.57
MEX,0,0,0,0,1,4000.89,1990,1990,4,2,30,5,0.00127,0.00631,94439,596,470705,4513585,47.79,47.82
MEX,0,0,0,0,1,4000.89,1990,1990,4,2,35,5,0.00173,0.00859,93843,806,467200,4042880,43.08,43.11
MEX,0,0,0,0,1,4000.89,1990,1990,4,2,40,5,0.00249,0.01237,93037,1151,462308,3575680,38.43,38.46
MEX,0,0,0,0,1,4000.89,1990,1990,4,2,45,5,0.00371,0.0184,91886,1691,455202,3113372,33.88,33.91
MEX,0,0,0,0,1,4000.89,1990,1990,4,2,50,5,0.00562,0.02773,90195,2501,444722,2658170,29.47,29.5
MEX,0,0,0,0,1,4000.89,1990,1990,4,2,55,5,0.00859,0.04207,87694,3689,429248,2213447,25.24,25.27
MEX,0,0,0,0,1,4000.89,1990,1990,4,2,60,5,0.01317,0.06375,84005,5355,406638,1784200,21.24,21.27
MEX,0,0,0,0,1,4000.89,1990,1990,4,2,65,5,0.0202,0.09615,78650,7562,374345,1377562,17.52,17.54
MEX,0,0,0,0,1,4000.89,1990,1990,4,2,70,5,0.03093,0.14354,71088,10204,329930,1003217,14.11,14.14
MEX,0,0,0,0,1,4000.89,1990,1990,4,2,75,5,0.04715,0.21088,60884,12839,272322,673287,11.06,11.1
MEX,0,0,0,0,1,4000.89,1990,1990,4,2,80,5,0.08249,0.34195,48045,16429,199152,400965,8.35,8.39
MEX,0,0,0,0,1,4000.89,1990,1990,4,2,85,5,0.1251,0.47647,31616,15064,120420,201812,6.38,6.46
MEX,0,0,0,0,1,4000.89,1990,1990,4,2,90,5,0.17527,0.60935,16552,10086,57545,81392,4.92,5.06
MEX,0,0,0,0,1,4000.89,1990,1990,4,2,95,5,0.22693,0.72394,6466,4681,20628,23847,3.69,4.05
MEX,0,0,0,0,1,4000.89,1990,1990,4,2,100,99,0.55439,1,1785,1785,3220,3220,1.8,3.1
MEX,0,0,0,0,1,4000.9,2000,2000,4,1,0,1,0.02724,0.02661,100000,2661,97684,7189019,71.89,71.92
MEX,0,0,0,0,1,4000.9,2000,2000,4,1,1,4,0.00133,0.00529,97339,515,388106,7091334,72.85,72.87
MEX,0,0,0,0,1,4000.9,2000,2000,4,1,5,5,0.00048,0.0024,96824,232,483540,6703228,69.23,69.25
MEX,0,0,0,0,1,4000.9,2000,2000,4,1,10,5,0.00052,0.00259,96592,250,482335,6219688,64.39,64.41
MEX,0,0,0,0,1,4000.9,2000,2000,4,1,15,5,0.00097,0.00485,96342,467,480542,5737353,59.55,59.57
MEX,0,0,0,0,1,4000.9,2000,2000,4,1,20,5,0.00154,0.00767,95875,735,477538,5256811,54.83,54.85
MEX,0,0,0,0,1,4000.9,2000,2000,4,1,25,5,0.00208,0.01033,95140,983,473242,4779273,50.23,50.25
MEX,0,0,0,0,1,4000.9,2000,2000,4,1,30,5,0.00256,0.0127,94157,1196,467795,4306031,45.73,45.75
MEX,0,0,0,0,1,4000.9,2000,2000,4,1,35,5,0.0031,0.01536,92961,1428,461235,3838236,41.29,41.3
MEX,0,0,0,0,1,4000.9,2000,2000,4,1,40,5,0.00389,0.01927,91533,1764,453255,3377001,36.89,36.91
MEX,0,0,0,0,1,4000.9,2000,2000,4,1,45,5,0.00514,0.02535,89769,2276,443155,2923746,32.57,32.59
MEX,0,0,0,0,1,4000.9,2000,2000,4,1,50,5,0.00711,0.03495,87493,3058,429820,2480591,28.35,28.37
MEX,0,0,0,0,1,4000.9,2000,2000,4,1,55,5,0.0102,0.04974,84435,4200,411675,2050771,24.29,24.31
MEX,0,0,0,0,1,4000.9,2000,2000,4,1,60,5,0.01497,0.07214,80235,5788,386705,1639096,20.43,20.45
MEX,0,0,0,0,1,4000.9,2000,2000,4,1,65,5,0.02223,0.10531,74447,7840,352635,1252391,16.82,16.84
MEX,0,0,0,0,1,4000.9,2000,2000,4,1,70,5,0.0332,0.15326,66607,10208,307515,899756,13.51,13.53
MEX,0,0,0,0,1,4000.9,2000,2000,4,1,75,5,0.04954,0.22041,56399,12431,250918,592241,10.5,10.53
MEX,0,0,0,0,1,4000.9,2000,2000,4,1,80,5,0.09249,0.37559,43968,16514,178555,341323,7.76,7.8
MEX,0,0,0,0,1,4000.9,2000,2000,4,1,85,5,0.14053,0.51996,27454,14275,101582,162768,5.93,5.98
MEX,0,0,0,0,1,4000.9,2000,2000,4,1,90,5,0.19029,0.64474,13179,8497,44652,61186,4.64,4.76
MEX,0,0,0,0,1,4000.9,2000,2000,4,1,95,5,0.23951,0.74904,4682,3507,14642,16533,3.53,3.86
MEX,0,0,0,0,1,4000.9,2000,2000,4,1,100,99,0.62148,1,1175,1175,1891,1891,1.61,2.9
MEX,0,0,0,0,1,4000.9,2000,2000,4,2,0,1,0.0219,0.02148,100000,2148,98098,7671878,76.72,76.75
MEX,0,0,0,0,1,4000.9,2000,2000,4,2,1,4,0.0011,0.00438,97852,429,390331,7573780,77.4,77.43
MEX,0,0,0,0,1,4000.9,2000,2000,4,2,5,5,0.00035,0.00172,97423,168,486695,7183450,73.73,73.76
MEX,0,0,0,0,1,4000.9,2000,2000,4,2,10,5,0.00027,0.00136,97255,132,485945,6696755,68.86,68.88
MEX,0,0,0,0,1,4000.9,2000,2000,4,2,15,5,0.00034,0.00172,97123,167,485198,6210810,63.95,63.97
MEX,0,0,0,0,1,4000.9,2000,2000,4,2,20,5,0.00049,0.00242,96956,235,484192,5725612,59.05,59.08
MEX,0,0,0,0,1,4000.9,2000,2000,4,2,25,5,0.00062,0.00309,96721,299,482858,5241420,54.19,54.22
MEX,0,0,0,0,1,4000.9,2000,2000,4,2,30,5,0.00083,0.00415,96422,400,481110,4758562,49.35,49.38
MEX,0,0,0,0,1,4000.9,2000,2000,4,2,35,5,0.00121,0.00603,96022,579,478662,4277452,44.55,44.57
MEX,0,0,0,0,1,4000.9,2000,2000,4,2,40,5,0.00185,0.00921,95443,879,475018,3798790,39.8,39.83
MEX,0,0,0,0,1,4000.9,2000,2000,4,2,45,5,0.00288,0.01428,94564,1350,469445,3323772,35.15,35.18
MEX,0,0,0,0,1,4000.9,2000,2000,4,2,50,5,0.0045,0.02227,93214,2076,460880,2854327,30.62,30.65
MEX,0,0,0,0,1,4000.9,2000,2000,4,2,55,5,0.00706,0.03468,91138,3161,447788,2393447,26.26,26.29
MEX,0,0,0,0,1,4000.9,2000,2000,4,2,60,5,0.01106,0.05382,87977,4735,428048,1945660,22.12,22.14
MEX,0,0,0,0,1,4000.9,2000,2000,4,2,65,5,0.01732,0.083,83242,6909,398938,1517612,18.23,18.26
MEX,0,0,0,0,1,4000.9,2000,2000,4,2,70,5,0.02703,0.12662,76333,9665,357502,1118675,14.66,14.69
MEX,0,0,0,0,1,4000.9,2000,2000,4,2,75,5,0.04199,0.19,66668,12667,301672,761172,11.42,11.46
MEX,0,0,0,0,1,4000.9,2000,2000,4,2,80,5,0.07819,0.32701,54001,17659,225858,459500,8.51,8.56
MEX,0,0,0,0,1,4000.9,2000,2000,4,2,85,5,0.12391,0.47301,36342,17190,138735,233642,6.43,6.5
MEX,0,0,0,0,1,4000.9,2000,2000,4,2,90,5,0.17369,0.60552,19152,11597,66768,94907,4.96,5.09
MEX,0,0,0,0,1,4000.9,2000,2000,4,2,95,5,0.22509,0.72019,7555,5441,24172,28140,3.72,4.07
MEX,0,0,0,0,1,4000.9,2000,2000,4,2,100,99,0.53288,1,2114,2114,3967,3967,1.88,3.1
MEX,0,0,0,0,1,4000.91,2010,2010,4,1,0,1,0.02205,0.02163,100000,2163,98086,7363449,73.63,73.67
MEX,0,0,0,0,1,4000.91,2010,2010,4,1,1,4,0.00129,0.00513,97837,502,390137,7265363,74.26,74.29
MEX,0,0,0,0,1,4000.91,2010,2010,4,1,5,5,0.00043,0.00216,97335,210,486150,6875226,70.63,70.66
MEX,0,0,0,0,1,4000.91,2010,2010,4,1,10,5,0.00047,0.00236,97125,229,485052,6389076,65.78,65.81
MEX,0,0,0,0,1,4000.91,2010,2010,4,1,15,5,0.00087,0.00433,96896,420,483430,5904023,60.93,60.96
MEX,0,0,0,0,1,4000.91,2010,2010,4,1,20,5,0.0014,0.007,96476,675,480692,5420593,56.19,56.22
MEX,0,0,0,0,1,4000.91,2010,2010,4,1,25,5,0.0019,0.00947,95801,907,476738,4939901,51.56,51.59
MEX,0,0,0,0,1,4000.91,2010,2010,4,1,30,5,0.00234,0.01164,94894,1105,471708,4463163,47.03,47.06
MEX,0,0,0,0,1,4000.91,2010,2010,4,1,35,5,0.00282,0.014,93789,1313,465662,3991456,42.56,42.59
MEX,0,0,0,0,1,4000.91,2010,2010,4,1,40,5,0.00349,0.01731,92476,1601,458378,3525793,38.13,38.16
MEX,0,0,0,0,1,4000.91,2010,2010,4,1,45,5,0.00456,0.02256,90875,2050,449250,3067416,33.75,33.79
MEX,0,0,0,0,1,4000.91,2010,2010,4,1,50,5,0.00631,0.03105,88825,2758,437230,2618166,29.48,29.51
MEX,0,0,0,0,1,4000.91,2010,2010,4,1,55,5,0.00912,0.04457,86067,3836,420745,2180936,25.34,25.37
MEX,0,0,0,0,1,4000.91,2010,2010,4,1,60,5,0.0136,0.06577,82231,5408,397635,1760191,21.41,21.44
MEX,0,0,0,0,1,4000.91,2010,2010,4,1,65,5,0.02064,0.09812,76823,7538,365270,1362556,17.74,17.77
MEX,0,0,0,0,1,4000.91,2010,2010,4,1,70,5,0.03158,0.14635,69285,10140,321075,997286,14.39,14.44
MEX,0,0,0,0,1,4000.91,2010,2010,4,1,75,5,0.0484,0.21588,59145,12768,263805,676211,11.43,11.48
MEX,0,0,0,0,1,4000.91,2010,2010,4,1,80,5,0.0738,0.31153,46377,14448,195765,412406,8.89,8.95
MEX,0,0,0,0,1,4000.91,2010,2010,4,1,85,5,0.11106,0.43462,31929,13877,124952,216641,6.79,6.88
MEX,0,0,0,0,1,4000.91,2010,2010,4,1,90,5,0.1627,0.57827,18052,10439,64162,91688,5.08,5.24
MEX,0,0,0,0,1,4000.91,2010,2010,4,1,95,5,0.22917,0.72849,7613,5546,24200,27526,3.62,3.99
MEX,0,0,0,0,1,4000.91,2010,2010,4,1,100,99,0.62148,1,2067,2067,3326,3326,1.61,3
MEX,0,0,0,0,1,4000.91,2010,2010,4,2,0,1,0.01723,0.01697,100000,1697,98474,7847110,78.47,78.53
MEX,0,0,0,0,1,4000.91,2010,2010,4,2,1,4,0.00105,0.00417,98303,410,392186,7748636,78.82,78.87
MEX,0,0,0,0,1,4000.91,2010,2010,4,2,5,5,0.00032,0.00159,97893,156,489075,7356450,75.15,75.2
MEX,0,0,0,0,1,4000.91,2010,2010,4,2,10,5,0.00025,0.00125,97737,122,488380,6867375,70.26,70.31
MEX,0,0,0,0,1,4000.91,2010,2010,4,2,15,5,0.00033,0.00166,97615,162,487670,6378995,65.35,65.4
MEX,0,0,0,0,1,4000.91,2010,2010,4,2,20,5,0.00045,0.00227,97453,221,486712,5891325,60.45,60.5
MEX,0,0,0,0,1,4000.91,2010,2010,4,2,25,5,0.00059,0.00293,97232,285,485448,5404613,55.58,55.63
MEX,0,0,0,0,1,4000.91,2010,2010,4,2,30,5,0.00078,0.00389,96947,377,483792,4919165,50.74,50.79
MEX,0,0,0,0,1,4000.91,2010,2010,4,2,35,5,0.00111,0.00552,96570,533,481518,4435373,45.93,45.98
MEX,0,0,0,0,1,4000.91,2010,2010,4,2,40,5,0.00166,0.00827,96037,794,478200,3953855,41.17,41.22
MEX,0,0,0,0,1,4000.91,2010,2010,4,2,45,5,0.00257,0.01276,95243,1215,473178,3475655,36.49,36.54
MEX,0,0,0,0,1,4000.91,2010,2010,4,2,50,5,0.00402,0.0199,94028,1871,465462,3002478,31.93,31.98
MEX,0,0,0,0,1,4000.91,2010,2010,4,2,55,5,0.00634,0.03123,92157,2878,453590,2537015,27.53,27.58
MEX,0,0,0,0,1,4000.91,2010,2010,4,2,60,5,0.01003,0.0489,89279,4366,435480,2083425,23.34,23.39
MEX,0,0,0,0,1,4000.91,2010,2010,4,2,65,5,0.01584,0.0762,84913,6470,408390,1647945,19.41,19.46
MEX,0,0,0,0,1,4000.91,2010,2010,4,2,70,5,0.02502,0.11772,78443,9234,369130,1239555,15.8,15.86
MEX,0,0,0,0,1,4000.91,2010,2010,4,2,75,5,0.03937,0.17923,69209,12404,315035,870425,12.58,12.64
MEX,0,0,0,0,1,4000.91,2010,2010,4,2,80,5,0.06159,0.26688,56805,15160,246125,555390,9.78,9.86
MEX,0,0,0,0,1,4000.91,2010,2010,4,2,85,5,0.09519,0.38446,41645,16011,168198,309265,7.43,7.54
MEX,0,0,0,0,1,4000.91,2010,2010,4,2,90,5,0.14365,0.52848,25634,13547,94302,141068,5.5,5.68
MEX,0,0,0,0,1,4000.91,2010,2010,4,2,95,5,0.20938,0.68718,12087,8306,39670,46765,3.87,4.25
MEX,0,0,0,0,1,4000.91,2010,2010,4,2,100,99,0.53288,1,3781,3781,7095,7095,1.88,3.1
